FSI,US,RSHS,RSMS,Offset,LNAADT,LNMCV,Curve50,Constant
1,1,0,0,0.848,0.8,0.5,0,1
1,1,0,0,0.884,0.9,0.5,1,1
1,1,0,0,1.007,0.9,0.5,0,1
1,0,1,0,1.151,0.8,0.5,0,1
1,0,1,0,1.151,0.7,0.5,0,1
1,0,1,0,1.151,0.6,0.3,0,1
1,0,1,0,0.956,0.9,0.5,0,1
1,1,0,0,0.887,0.8,0.6,0,1
1,0,1,0,0.985,0.9,0.6,0,1
1,0,1,0,1.151,0.9,0.6,0,1
1,0,1,0,1.151,0.9,0.6,0,1
1,0,1,0,1.145,0.9,0.6,0,1
1,0,1,0,1.071,0.9,0.6,0,1
2,0,1,0,1.151,0.9,0.6,0,1
1,0,1,0,1.151,0.8,0.6,0,1
1,0,1,0,1.151,0.8,0.6,0,1
3,0,1,0,1.151,0.9,0.6,0,1
1,0,1,0,1.151,0.9,0.6,0,1
1,0,1,0,1.151,0.9,0.6,0,1
1,0,1,0,1.151,0.9,0.6,0,1
1,0,1,0,1.124,0.9,0.6,0,1
1,0,1,0,0.995,0.8,0.6,0,1
1,0,1,0,1.126,0.8,0.5,0,1
1,0,1,0,1.151,0.8,0.5,0,1
1,0,1,0,1.151,0.8,0.6,0,1
1,0,1,0,1.144,0.8,0.6,0,1
1,0,1,0,1.151,0.9,0.6,1,1
1,0,1,0,1,0.9,0.6,0,1
1,0,0,1,0.985,1,0.6,0,1
2,0,1,0,1.151,0.9,0.6,0,1
1,0,1,0,1.151,0.8,0.6,0,1
1,0,1,0,1.15,0.8,0.6,1,1
2,0,1,0,1.151,0.8,0.6,0,1
1,0,1,0,1.151,0.8,0.5,0,1
1,0,1,0,1.151,0.9,0.6,0,1
1,0,1,0,1.151,0.8,0.6,0,1
1,0,1,0,1.151,0.8,0.6,0,1
1,0,1,0,1.151,0.8,0.6,0,1
2,0,1,0,1.039,0.9,0.5,0,1
1,0,1,0,1.131,0.9,0.5,0,1
1,0,1,0,1.151,0.6,0.4,0,1
1,0,1,0,1.151,0.8,0.5,0,1
1,0,1,0,1.151,0.7,0.5,0,1
1,0,1,0,1.057,0.7,0.5,0,1
1,0,1,0,1.151,0.8,0.5,0,1
1,0,1,0,1.151,0.7,0.4,0,1
1,0,1,0,1.151,0.7,0.4,0,1
2,0,1,0,1.131,0.9,0.6,0,1
1,0,0,1,0.995,0.9,0.6,1,1
1,0,1,0,1.151,0.8,0.6,0,1
1,0,0,0,1.028,1.1,0.7,0,1
1,0,0,0,1.151,1,0.7,0,1
2,0,1,0,1.141,0.9,0.6,1,1
3,0,1,0,1.151,0.9,0.6,0,1
1,0,1,0,1.093,0.9,0.6,1,1
1,0,1,0,1.151,0.8,0.6,0,1
1,0,1,0,1.151,0.8,0.6,0,1
1,0,1,0,1.088,0.8,0.6,0,1
1,0,1,0,1.049,0.6,0.5,0,1
1,0,1,0,1.151,0.7,0.4,0,1
1,1,0,0,1.02,0.9,0.4,0,1
1,0,1,0,1.151,0.8,0.5,0,1
2,0,1,0,1.146,0.8,0.5,0,1
1,0,1,0,1.151,0.6,0.4,0,1
1,0,1,0,1.151,0.7,0.5,0,1
1,0,1,0,1.151,0.7,0.5,0,1
1,0,1,0,1.151,0.8,0.6,0,1
1,0,1,0,0.885,0.8,0.6,0,1
1,0,1,0,1.057,0.9,0.4,0,1
2,0,1,0,1.151,0.8,0.5,0,1
1,1,0,0,0.91,0.8,0.6,0,1
1,0,1,0,1.151,0.8,0.6,0,1
1,0,1,0,1.151,0.8,0.6,0,1
2,0,1,0,0.99,0.9,0.6,0,1
1,1,0,0,0.895,0.9,0.6,0,1
1,0,1,0,0.99,0.8,0.5,0,1
1,1,0,0,0.962,0.8,0.5,0,1
1,0,1,0,1.125,0.8,0.5,0,1
1,0,1,0,0.98,0.7,0.4,1,1
1,0,1,0,1.107,0.7,0.3,0,1
1,0,1,0,1.148,0.9,0.5,0,1
1,0,1,0,1.151,0.8,0.5,0,1
1,0,1,0,1.151,0.8,0.5,0,1
1,0,1,0,1.151,0.7,0.4,0,1
1,0,1,0,1.151,0.4,0.3,0,1
1,0,1,0,1.151,0.5,0.3,0,1
1,0,1,0,1.151,0.6,0.4,0,1
1,0,1,0,1.151,0.5,0.3,0,1
0,0,0,0,0.91,1,0.3,1,1
0,0,0,0,0.852,1,0.3,0,1
0,0,0,0,0.885,1,0.5,1,1
0,0,0,0,0.921,1.1,0.5,0,1
0,1,0,0,0.931,1,0.5,0,1
0,1,0,0,0.962,1,0.5,1,1
0,1,0,0,0.76,0.9,0.4,0,1
0,1,0,0,0.899,1,0.5,0,1
0,0,0,0,0.98,1.1,0.2,0,1
0,0,0,0,0.947,1,0.2,0,1
0,0,0,0,0.91,1,0.2,0,1
0,0,0,0,0.899,1,0.3,0,1
0,0,0,0,0.885,1,0.1,1,1
0,0,0,0,0.931,1,0.5,1,1
0,1,0,0,0.89,1,0.4,1,1
0,0,0,0,0.885,1,0.4,1,1
0,1,0,0,0.881,1,0.4,0,1
0,0,0,0,0.921,1,0.3,0,1
0,0,0,0,0.899,1.1,0.1,1,1
0,0,1,0,1.069,1,0.5,0,1
0,0,0,0,0.899,1,0.4,0,1
0,0,0,0,0.917,1,0.5,0,1
0,0,0,0,0.962,1,0.5,0,1
0,0,0,0,0.98,1,0.2,0,1
0,1,0,0,0.87,0.9,0.4,0,1
0,1,0,0,0.91,0.9,0.3,0,1
0,1,0,0,0.921,0.8,0.4,1,1
0,0,1,0,1.004,0.8,0.4,0,1
0,0,1,0,1.151,0.8,0.4,0,1
0,0,1,0,1.124,0.8,0.4,0,1
0,1,0,0,0.87,1,0.3,0,1
0,1,0,0,0.879,1,0.3,0,1
0,1,0,0,0.901,1,0.3,0,1
0,1,0,0,0.921,1,0.3,1,1
0,0,0,0,0.893,1,0.3,1,1
0,0,0,0,0.87,1,0.2,0,1
0,0,0,0,1.074,1,0.4,0,1
0,0,0,0,0.981,1.1,0.2,0,1
0,1,0,0,0.939,0.9,0.4,0,1
0,1,0,0,0.91,0.9,0.4,0,1
0,1,0,0,0.931,0.9,0.3,0,1
0,0,1,0,1.147,0.9,0.4,0,1
0,0,0,0,0.753,0.9,0.3,1,1
0,0,1,0,1.146,0.8,0.2,0,1
0,1,0,0,0.98,0.9,0.4,0,1
0,1,0,0,0.974,0.8,0.4,0,1
0,0,1,0,0.91,0.8,0.4,0,1
0,1,0,0,0.81,0.9,0.4,0,1
0,0,0,0,0.946,1,0.4,0,1
0,1,0,0,0.908,0.9,0.3,0,1
0,0,0,1,0.915,0.9,0.2,0,1
0,1,0,0,0.926,1,0.4,0,1
0,1,0,0,0.87,0.9,0.2,0,1
0,1,0,0,0.885,0.9,0.2,0,1
0,0,1,0,0.985,0.7,0.4,0,1
0,0,1,0,0.955,0.7,0.4,0,1
0,1,0,0,0.872,1,0.3,0,1
0,0,0,0,0.919,1,0.4,1,1
0,1,0,0,0.947,0.9,0.4,0,1
0,0,1,0,0.931,0.9,0.3,0,1
0,0,1,0,1.013,0.9,0.3,0,1
0,0,1,0,0.87,0.9,0.3,0,1
0,1,0,0,0.899,0.9,0.3,0,1
0,0,1,0,0.921,0.9,0.3,0,1
0,1,0,0,0.921,0.8,0.3,0,1
0,1,0,0,0.852,0.8,0.3,0,1
0,0,1,0,0.925,0.8,0.5,0,1
0,0,1,0,0.876,0.8,0.5,0,1
0,1,0,0,0.917,0.9,0.4,0,1
0,0,0,0,1.003,0.9,0.5,0,1
0,1,0,0,0.9,0.9,0.5,1,1
0,0,1,0,0.931,0.8,0.5,0,1
0,1,0,0,0.906,0.7,0.5,0,1
0,0,0,0,0.914,0.9,0.2,0,1
0,1,0,0,0.882,0.9,0.2,0,1
0,0,0,0,0.751,0.9,0.4,0,1
0,1,0,0,1.031,0.9,0.4,1,1
0,0,0,1,1.059,0.9,0.4,0,1
0,0,1,0,0.985,0.8,0.4,0,1
0,1,0,0,0.753,0.8,0.4,1,1
0,1,0,0,0.885,1,0.4,0,1
0,1,0,0,0.899,0.9,0.4,0,1
0,1,0,0,0.885,0.9,0.4,0,1
0,1,0,0,0.885,0.9,0.4,0,1
0,0,1,0,1.151,0.8,0.2,0,1
0,0,0,0,0.87,0.9,0.3,0,1
0,0,1,0,1.107,0.9,0.3,0,1
0,1,0,0,0.921,0.9,0.4,0,1
0,1,0,0,0.921,0.9,0.4,0,1
0,0,0,0,0.885,0.9,0.4,1,1
0,0,1,0,1.15,0.8,0.2,0,1
0,0,1,0,0.888,0.8,0.2,0,1
0,0,1,0,1.03,0.8,0.2,0,1
0,0,0,1,1.11,0.7,0.2,0,1
0,1,0,0,0.91,0.9,0.3,1,1
0,1,0,0,0.939,0.9,0.4,0,1
0,1,0,0,0.931,0.9,0.4,0,1
0,0,1,0,0.91,0.9,0.4,0,1
0,0,1,0,1.141,0.9,0.3,0,1
0,0,1,0,1.004,0.9,0.4,0,1
0,1,0,0,0.885,0.9,0.5,1,1
0,0,0,1,0.899,0.9,0.5,0,1
0,0,0,1,0.995,0.9,0.5,1,1
0,1,0,0,0.995,0.9,0.5,1,1
0,0,0,1,0.921,0.9,0.5,1,1
0,0,0,1,0.899,0.9,0.4,1,1
0,0,0,0,1.046,1,0.3,0,1
0,0,0,0,0.885,1,0.4,0,1
0,0,0,0,0.885,1,0.4,0,1
0,0,0,0,0.955,1,0.4,0,1
0,0,0,0,0.91,1,0.4,1,1
0,1,0,0,0.947,1,0.2,1,1
0,1,0,0,0.895,1,0.4,1,1
0,1,0,0,0.931,1,0.4,0,1
0,0,1,0,1.06,1,0.4,0,1
0,0,1,0,0.852,1,0.4,1,1
0,1,0,0,0.87,1,0.4,0,1
0,1,0,0,0.885,1,0.4,0,1
0,0,1,0,1.151,0.9,0.5,0,1
0,1,0,0,0.885,0.9,0.5,0,1
0,0,1,0,1.151,0.8,0.4,0,1
0,0,1,0,1.052,0.8,0.4,0,1
0,1,0,0,0.921,0.8,0.3,0,1
0,1,0,0,0.87,0.8,0.4,1,1
0,0,1,0,0.924,0.8,0.4,0,1
0,1,0,0,0.939,0.8,0.2,1,1
0,1,0,0,0.899,0.8,0.2,0,1
0,0,1,0,1.151,0.7,0.2,0,1
0,0,1,0,1.13,0.7,0.2,0,1
0,0,1,0,0.931,0.6,0.2,1,1
0,0,1,0,1.129,0.6,0.2,0,1
0,1,0,0,0.885,0.8,0.3,1,1
0,0,1,0,0.892,0.8,0.3,0,1
0,0,1,0,1.151,0.6,0.3,0,1
0,0,1,0,1.151,0.6,0.3,0,1
0,0,1,0,1.151,0.6,0.3,0,1
0,0,1,0,1.151,0.6,0.3,0,1
0,1,0,0,0.87,0.7,0.3,1,1
0,1,0,0,0.885,0.7,0.3,0,1
0,0,1,0,0.92,0.7,0.3,0,1
0,1,0,0,0.91,0.5,0.2,0,1
0,1,0,0,0.885,1,0.2,0,1
0,1,0,0,0.916,0.9,0.5,1,1
0,0,1,0,1.117,0.8,0.2,0,1
0,1,0,0,0.866,0.7,0.1,0,1
0,0,0,0,0.939,0.9,0.4,0,1
0,1,0,0,0.995,0.9,0.4,0,1
0,0,1,0,0.921,0.9,0.4,0,1
0,0,1,0,0.87,0.9,0.4,0,1
0,0,1,0,0.947,0.9,0.4,0,1
0,1,0,0,0.91,0.9,0.4,0,1
0,1,0,0,0.955,0.9,0.4,0,1
0,0,1,0,0.87,0.9,0.4,0,1
0,0,0,0,0.841,0.9,0.4,0,1
0,1,0,0,0.899,0.9,0.4,0,1
0,0,1,0,1.151,0.7,0.4,0,1
0,0,1,0,1.108,0.7,0.4,0,1
0,0,0,0,0.946,0.9,0.6,0,1
0,0,1,0,1.151,0.7,0.5,0,1
0,0,1,0,1.151,0.7,0.5,0,1
0,1,0,0,0.931,0.7,0.5,0,1
0,0,1,0,1.151,0.6,0.4,0,1
0,1,0,0,0.87,0.8,0.4,0,1
0,1,0,0,0.91,0.7,0.4,0,1
0,0,1,0,0.976,0.7,0.4,0,1
0,0,1,0,1.151,0.6,0.2,0,1
0,0,1,0,1.151,0.6,0.2,0,1
0,0,1,0,1.027,0.6,0.2,0,1
0,0,1,0,0.797,0.6,0.2,0,1
0,1,0,0,0.852,0.6,0.2,0,1
0,0,1,0,1.147,0.6,0.2,0,1
0,0,1,0,1.151,0.6,0.4,0,1
0,0,1,0,1.151,0.6,0.4,0,1
0,0,1,0,1.151,0.7,0.4,0,1
0,0,1,0,1.118,0.7,0.4,0,1
0,1,0,0,0.87,0.8,0.1,0,1
0,0,1,0,1.151,0.7,0.2,0,1
0,1,0,0,0.921,0.6,0.4,0,1
0,0,1,0,1.151,0.6,0.4,0,1
0,0,1,0,1.151,0.6,0.4,0,1
0,0,1,0,1.151,0.5,0.2,0,1
0,0,1,0,0.921,0.5,0.2,0,1
0,0,1,0,1.151,0.6,0.4,0,1
0,0,1,0,1.151,0.5,0.2,0,1
0,0,1,0,1.151,0.5,0.2,0,1
0,0,1,0,0.939,0.5,0.2,0,1
0,0,1,0,1.151,0.5,0.3,0,1
0,0,1,0,1.151,0.5,0.3,0,1
0,0,1,0,1.116,0.5,0.3,0,1
0,0,1,0,1.085,0.5,0.2,1,1
0,0,1,0,0.954,0.5,0.3,0,1
0,0,0,0,0.905,0.5,0.2,0,1
0,1,0,0,0.892,0.5,0.2,0,1
0,0,1,0,1.151,0.5,0.2,0,1
0,0,1,0,1.151,0.5,0.2,0,1
0,0,1,0,1.151,0.5,0.2,0,1
0,0,1,0,1.151,0.5,0.2,0,1
0,0,1,0,1.151,0.5,0.2,0,1
0,0,1,0,1.151,0.5,0.2,0,1
0,0,1,0,1.151,0.5,0.2,0,1
0,0,0,0,0.947,1,0.3,1,1
0,1,0,0,0.882,1,0.5,0,1
0,1,0,0,0.931,0.9,0.5,0,1
0,1,0,0,1.013,0.9,0.5,0,1
0,1,0,0,0.91,1,0.3,0,1
0,0,1,0,0.995,0.7,0.4,0,1
0,1,0,0,0.974,0.7,0.4,0,1
0,0,1,0,0.899,0.7,0.4,0,1
0,0,1,0,1.103,0.7,0.4,0,1
0,1,0,0,0.921,0.7,0.3,0,1
0,0,1,0,0.87,0.7,0.3,1,1
0,0,1,0,1.082,0.7,0.3,0,1
0,1,0,0,0.87,0.7,0.4,0,1
0,0,1,0,1.142,0.7,0.4,0,1
0,0,1,0,1.151,0.7,0.4,0,1
0,0,1,0,0.76,0.7,0.4,0,1
0,1,0,0,0.87,0.6,0.4,0,1
0,0,1,0,1.151,0.6,0.4,0,1
0,0,1,0,0.99,0.6,0.4,0,1
0,0,1,0,1.151,0.7,0.4,0,1
0,0,1,0,1.151,0.7,0.4,0,1
0,0,1,0,1.151,0.7,0.4,0,1
0,1,0,0,0.921,0.6,0.3,0,1
0,1,0,0,0.921,0.7,0.1,0,1
0,1,0,0,0.885,0.7,0.1,0,1
0,0,1,0,0.91,0.7,0.1,0,1
0,0,1,0,1.151,0.6,0.3,0,1
0,0,1,0,1.151,0.6,0.3,0,1
0,0,1,0,1.151,0.6,0.3,0,1
0,0,1,0,1.151,0.6,0.3,0,1
0,0,1,0,1.151,0.6,0.3,0,1
0,0,1,0,1.11,0.6,0.3,0,1
0,0,1,0,1.02,0.7,0.2,0,1
0,1,0,0,0.931,0.7,0.3,0,1
0,0,1,0,1.013,0.6,0.2,1,1
0,0,1,0,0.931,0.6,0.2,0,1
0,0,1,0,1.151,0.5,0.2,0,1
0,0,1,0,1.151,0.5,0.2,0,1
0,0,1,0,1.151,0.5,0.2,0,1
0,0,1,0,1.151,0.5,0.2,0,1
0,0,1,0,1,0.6,0.2,1,1
0,1,0,0,0.939,0.6,0.2,0,1
0,0,1,0,1.028,0.6,0.2,1,1
0,0,1,0,1.114,0.6,0.3,0,1
0,0,1,0,1.017,0.6,0.3,1,1
0,0,1,0,1.009,0.6,0.3,0,1
0,0,1,0,0.938,0.6,0.3,1,1
0,0,1,0,1.151,0.6,0.3,0,1
0,1,0,0,0.87,0.4,0.1,0,1
0,0,1,0,1.151,0.4,0.1,0,1
0,0,1,0,1.151,0.4,0.1,0,1
0,0,1,0,1.055,0.4,0.1,0,1
0,0,1,0,0.894,0.4,0.1,0,1
0,0,1,0,1.151,0.4,0.2,0,1
0,0,1,0,1.151,0.4,0.2,0,1
0,0,1,0,1.151,0.4,0.2,0,1
0,0,1,0,1.151,0.4,0.2,0,1
0,0,1,0,0.912,0.4,0.2,0,1
0,0,0,0,0.899,0.6,0.3,0,1
0,0,1,0,0.985,0.5,0.2,0,1
0,0,1,0,1.091,0.5,0.2,0,1
0,1,0,0,0.955,0.8,0.4,0,1
0,0,1,0,1.151,0.7,0.3,0,1
0,0,1,0,0.931,0.7,0.3,0,1
0,0,1,0,0.995,0.4,0.2,0,1
0,0,1,0,1.151,0.5,0.3,0,1
0,1,0,0,0.774,0.5,0.3,0,1
0,0,1,0,1.131,0.7,0.4,0,1
0,0,0,0,0.885,1,0.3,0,1
0,0,0,0,0.921,1,0.3,0,1
0,0,0,0,0.899,1,0.3,0,1
0,0,0,0,0.899,1,0.2,0,1
0,0,0,0,0.892,0.9,0.2,0,1
0,1,0,0,0.91,0.9,0.5,0,1
0,1,0,0,0.87,0.9,0.5,0,1
0,1,0,0,0.919,1,0.5,0,1
0,0,0,0,0.931,0.9,0.3,0,1
0,1,0,0,0.91,0.9,0.1,0,1
0,1,0,0,0.885,0.9,0.4,0,1
0,0,1,0,1.004,0.7,0,0,1
0,0,1,0,1.151,0.5,0.2,0,1
0,0,1,0,0.985,0.5,0.2,1,1
0,0,1,0,0.974,0.5,0.2,0,1
0,0,1,0,0.931,0.5,0.2,1,1
0,0,1,0,0.98,0.5,0.2,0,1
0,0,1,0,1.151,0.5,0.2,0,1
0,0,1,0,1.151,0.5,0.2,0,1
0,0,1,0,1.151,0.5,0.2,0,1
0,0,1,0,1.151,0.5,0.2,0,1
0,0,1,0,1.151,0.5,0.2,0,1
0,0,1,0,1.151,0.5,0.2,0,1
0,0,1,0,1.151,0.7,0.4,0,1
0,0,1,0,0.992,0.7,0.4,0,1
0,0,1,0,1.151,0.6,0.2,0,1
0,1,0,0,0.902,0.6,0.2,0,1
0,0,1,0,1.151,0.7,0.4,0,1
0,0,1,0,1.151,0.7,0.4,0,1
0,0,1,0,1.02,0.7,0.4,0,1
0,0,1,0,1.077,0.8,0.4,1,1
0,0,0,0,0.87,0.9,0.6,0,1
0,1,0,0,0.921,0.9,0.6,1,1
0,0,1,0,1.151,0.9,0.5,0,1
0,0,1,0,0.87,0.9,0.5,0,1
0,0,1,0,0.985,0.7,0.2,0,1
0,0,1,0,1.151,0.6,0.2,0,1
0,0,1,0,1.071,0.6,0.2,0,1
0,0,1,0,0.921,0.6,0.2,0,1
0,0,0,1,0.955,0.8,0.4,1,1
0,1,0,0,0.897,0.8,0.4,0,1
0,0,1,0,1.151,0.6,0.2,0,1
0,0,1,0,0.939,0.5,0.2,0,1
0,0,1,0,0.968,0.5,0.2,1,1
0,0,1,0,0.921,0.5,0.2,1,1
0,0,1,0,0.99,0.5,0.2,1,1
0,0,1,0,0.939,0.5,0.2,0,1
0,0,1,0,0.921,0.5,0.2,0,1
0,0,1,0,1.151,0.4,0.2,0,1
0,0,1,0,1.151,0.4,0.2,0,1
0,0,1,0,1.1,0.4,0.2,0,1
0,0,1,0,1.028,0.4,0.2,0,1
0,0,1,0,0.968,0.4,0.1,0,1
0,0,1,0,1.151,0.4,0.1,0,1
0,0,1,0,1.151,0.4,0.1,0,1
0,0,1,0,1.151,0.4,0.1,0,1
0,0,1,0,1.151,0.4,0.1,0,1
0,0,1,0,1.151,0.4,0.1,0,1
0,0,1,0,1.151,0.5,0.3,0,1
0,0,1,0,1.151,0.5,0.3,0,1
0,0,1,0,1.151,0.5,0.3,0,1
0,0,1,0,1.078,0.5,0.3,0,1
0,0,0,1,0.955,0.8,0.4,0,1
0,0,0,1,1.017,0.8,0.4,1,1
0,0,1,0,0.939,0.8,0.5,1,1
0,0,1,0,0.968,0.8,0.5,1,1
0,0,1,0,0.939,0.8,0.5,0,1
0,0,1,0,0.939,0.8,0.4,0,1
0,1,0,0,0.923,1,0.1,1,1
0,0,1,0,0.98,0.8,0.3,1,1
0,0,0,1,0.968,0.8,0.3,1,1
0,0,0,1,0.955,0.7,0.4,0,1
0,0,1,0,0.985,0.7,0.4,0,1
0,0,1,0,0.955,0.7,0.4,0,1
0,0,1,0,0.947,0.7,0.4,0,1
0,0,0,0,0.949,0.9,0.4,0,1
0,1,0,0,0.87,0.8,0.3,0,1
0,0,1,0,1.151,0.7,0.3,0,1
0,0,1,0,1.151,0.7,0.3,0,1
0,0,1,0,1.151,0.7,0.3,0,1
0,0,1,0,1.004,0.7,0.3,0,1
0,0,0,1,1.151,0.4,0.1,0,1
0,0,0,1,1.151,0.4,0.1,0,1
0,0,0,1,1.151,0.4,0.1,0,1
0,1,0,0,0.829,0.4,0.1,0,1
0,0,1,0,1.151,0.4,0.1,0,1
0,0,1,0,1.151,0.4,0.1,0,1
0,0,1,0,1.151,0.4,0.1,0,1
0,0,1,0,1.151,0.4,0.1,0,1
0,0,1,0,1.151,0.4,0.1,0,1
0,1,0,0,0.8,0.4,0.1,0,1
0,0,1,0,1.151,0.4,0,0,1
0,0,1,0,1.151,0.4,0,0,1
0,0,1,0,1.151,0.4,0,0,1
0,0,1,0,1.151,0.4,0,0,1
0,0,0,0,1.099,1,0.2,0,1
0,1,0,0,0.885,0.8,0.5,0,1
0,1,0,0,0.87,0.8,0.5,0,1
0,1,0,0,0.801,0.8,0.5,0,1
0,0,1,0,1,0.7,0.2,0,1
0,1,0,0,0.931,0.7,0.2,0,1
0,0,1,0,1.092,0.7,0.2,0,1
0,0,0,0,0.928,1,0.5,0,1
0,0,0,0,0.885,1,0.5,1,1
0,1,0,0,0.767,0.9,0.5,0,1
0,0,0,0,0.955,1,0.2,0,1
0,0,0,0,0.885,1,0.2,0,1
0,0,0,0,0.801,1,0,0,1
0,0,0,0,0.938,1,0.3,1,1
0,1,0,0,0.963,1,0.1,0,1
0,0,0,0,0.87,1,0.1,0,1
0,0,0,0,0.921,1,0.4,0,1
0,0,1,0,1,0.9,0.3,0,1
0,0,1,0,1.013,0.9,0.3,0,1
0,0,0,0,0.892,1,0.6,0,1
0,1,0,0,0.932,0.8,0.6,1,1
0,0,0,0,0.946,1,0.4,0,1
0,0,0,0,0.985,1,0.4,0,1
0,0,0,0,0.966,1,0.4,1,1
0,0,0,0,0.942,1.1,0.5,1,1
0,0,0,0,1.084,1.1,0.4,0,1
0,1,0,0,0.87,0.9,0.5,0,1
0,1,0,0,0.899,0.8,0.4,0,1
0,0,0,1,0.968,0.8,0.3,0,1
0,0,0,1,0.962,0.8,0.3,0,1
0,1,0,0,0.859,0.9,0.3,0,1
0,0,1,0,0.931,0.9,0.3,0,1
0,0,1,0,0.968,0.9,0.3,1,1
0,0,1,0,0.921,0.9,0.3,0,1
0,0,0,1,0.931,0.9,0.3,0,1
0,0,0,1,1.058,0.9,0.3,1,1
0,0,0,1,0.988,0.7,0.5,1,1
0,0,1,0,1.031,0.7,0.1,0,1
0,0,1,0,0.931,0.7,0.1,0,1
0,0,1,0,1.151,0.4,0.1,0,1
0,0,1,0,1.133,0.5,0.3,0,1
0,0,1,0,1.115,0.5,0.3,0,1
0,0,1,0,1.024,0.6,0.3,1,1
0,0,1,0,1,0.6,0.3,0,1
0,1,0,0,0.899,0.6,0.3,0,1
0,1,0,0,0.887,0.6,0.3,0,1
0,0,1,0,0.962,0.8,0.2,1,1
0,0,1,0,1.052,0.8,0.2,1,1
0,1,0,0,0.899,0.8,0.2,1,1
0,0,1,0,0.921,0.4,0.1,0,1
0,0,1,0,0.974,0.4,0.1,0,1
0,0,1,0,0.931,0.4,0.1,1,1
0,0,1,0,0.955,0.5,0.1,0,1
0,0,1,0,1.151,0.4,0.1,0,1
0,0,1,0,0.819,0.4,0.1,0,1
0,0,1,0,0.955,0.6,0.3,0,1
0,0,1,0,0.962,0.6,0.3,0,1
0,0,1,0,1.055,0.6,0.3,1,1
0,0,1,0,1.14,0.5,0.1,0,1
0,0,1,0,1.151,0.4,0.3,0,1
0,0,0,1,0.861,0.4,0.3,1,1
0,0,0,1,0.968,0.4,0.3,0,1
0,0,0,1,0.801,0.4,0.3,0,1
0,0,0,1,0.99,0.8,0.4,0,1
0,1,0,0,0.974,0.8,0.4,0,1
0,0,1,0,1.069,0.8,0.4,0,1
0,0,0,0,0.917,0.8,0.2,0,1
0,0,1,0,1.151,0.5,0.2,0,1
0,0,1,0,0.939,0.5,0.2,0,1
0,0,1,0,1.151,0.5,0.2,0,1
0,0,1,0,0.947,0.5,0.2,0,1
0,0,1,0,0.939,0.5,0.2,1,1
0,0,1,0,1.151,0.6,0.3,0,1
0,1,0,0,0.852,0.6,0.3,1,1
0,0,1,0,0.98,0.6,0.4,0,1
0,0,1,0,1.151,0.5,0.3,0,1
0,0,1,0,1.151,0.5,0.3,0,1
0,0,1,0,1.151,0.5,0.3,0,1
0,0,1,0,1.151,0.5,0.3,0,1
0,0,1,0,1.095,0.5,0.3,0,1
0,0,1,0,0.931,0.5,0.2,0,1
0,0,1,0,1.151,0.5,0.2,0,1
0,0,1,0,0.921,0.4,0.1,0,1
0,0,1,0,1.15,0.4,0.1,0,1
0,0,1,0,1.053,0.5,0.1,0,1
0,0,1,0,1,0.4,0.2,0,1
0,0,1,0,0.995,0.4,0.2,1,1
0,0,1,0,0.921,0.4,0.2,0,1
0,0,1,0,1.151,0.4,0.1,0,1
0,0,1,0,0.995,0.5,0.2,0,1
0,0,1,0,1.082,0.5,0.2,1,1
0,0,1,0,1.009,0.4,0.2,0,1
0,0,1,0,1.151,0.4,0.2,0,1
0,0,1,0,0.955,0.4,0.2,0,1
0,0,1,0,1.071,0.4,0.2,0,1
0,0,1,0,0.962,0.4,0.2,0,1
0,0,1,0,0.968,0.4,0.2,0,1
0,0,1,0,0.921,0.4,0.2,1,1
0,0,1,0,1.004,0.4,0.1,0,1
0,0,1,0,0.91,0.5,0.1,0,1
0,0,1,0,1.151,0.5,0.1,0,1
0,0,1,0,0.87,0.7,0.4,0,1
0,0,1,0,1.151,0.3,0.1,0,1
0,0,1,0,1.004,0.3,0.1,0,1
0,0,1,0,1.151,0.3,0.1,0,1
0,0,1,0,0.931,0.5,0.4,0,1
0,0,1,0,0.962,0.5,0.4,0,1
0,0,1,0,0.947,0.5,0.4,1,1
0,0,1,0,0.921,0.5,0.4,0,1
0,0,0,0,0.862,0.9,0.2,0,1
0,0,1,0,1.151,0.6,0.3,0,1
0,0,1,0,1.151,0.6,0.3,0,1
0,0,1,0,1.151,0.4,0.2,0,1
0,0,1,0,1.151,0.4,0.2,1,1
0,0,1,0,1.151,0.4,0.2,0,1
0,0,1,0,1.11,0.4,0.2,1,1
0,0,1,0,0.98,0.6,0.1,0,1
0,0,1,0,1.151,0.5,0.2,0,1
0,0,1,0,1.151,0.5,0.2,0,1
0,0,1,0,1.145,0.5,0.2,1,1
0,0,1,0,1.074,0.5,0.1,1,1
0,0,1,0,0.931,0.4,0.1,0,1
0,0,1,0,0.939,0.4,0.1,0,1
0,0,1,0,1.151,0.4,0.1,0,1
0,0,1,0,0.931,0.4,0.1,0,1
0,0,1,0,1.108,0.4,0.1,1,1
0,0,1,0,0.947,0.4,0.1,1,1
0,0,1,0,0.955,0.4,0.1,0,1
0,0,1,0,1.092,0.4,0.1,1,1
0,0,0,1,1.013,0.4,0.1,1,1
0,1,0,0,0.91,0.7,0.3,0,1
0,0,1,0,1.151,0.4,0.1,0,1
0,0,1,0,1.151,0.4,0.1,0,1
0,0,1,0,1.151,0.4,0.1,0,1
0,0,1,0,1.151,0.4,0.1,0,1
0,0,1,0,1.151,0.4,0.1,0,1
0,0,1,0,1.151,0.4,0.1,0,1
0,0,1,0,1.151,0.4,0.1,0,1
0,0,1,0,1.151,0.4,0.1,0,1
0,0,1,0,1.151,0.4,0.2,0,1
0,0,1,0,1.151,0.4,0.2,0,1
0,0,1,0,1.151,0.4,0.2,0,1
0,0,1,0,1.151,0.4,0.2,0,1
0,0,1,0,1.151,0.4,0.2,0,1
0,0,1,0,1.151,0.4,0.2,0,1
0,0,1,0,1.151,0.4,0.2,0,1
0,0,1,0,1.151,0.4,0.2,0,1
0,0,1,0,1.151,0.4,0.2,0,1
0,0,1,0,1.151,0.4,0.2,0,1
0,0,1,0,1.151,0.4,0.2,0,1
0,0,1,0,1.151,0.4,0.2,0,1
0,0,1,0,1.151,0.4,0.2,0,1
0,0,1,0,1.151,0.4,0.1,0,1
0,0,1,0,1.151,0.4,0.1,0,1
0,0,1,0,1.151,0.4,0.1,0,1
0,0,1,0,1.151,0.4,0.1,0,1
0,0,1,0,1.151,0.4,0.1,0,1
0,0,1,0,1.151,0.3,0.1,0,1
0,0,1,0,1.151,0.3,0.1,0,1
0,0,1,0,1.151,0.3,0.1,0,1
0,0,1,0,1.151,0.3,0.1,0,1
0,0,1,0,1.151,0.3,0.1,0,1
0,0,1,0,1.151,0.3,0.1,0,1
0,0,1,0,1.151,0.3,0.1,0,1
0,0,1,0,1.151,0.3,0.1,0,1
0,0,1,0,1.151,0.3,0.1,0,1
0,0,1,0,1.072,0.3,0.1,0,1
0,0,1,0,1.151,0.3,0.1,0,1
0,0,1,0,1.151,0.3,0.1,0,1
0,0,1,0,1.151,0.3,0.1,0,1
0,0,0,1,0.975,0.7,0.4,0,1
0,0,0,1,1.024,0.7,0.3,0,1
0,0,0,1,0.931,0.8,0.5,0,1
0,0,1,0,0.931,0.6,0.3,0,1
0,0,1,0,1.004,0.6,0.3,1,1
0,0,1,0,0.968,0.6,0.3,1,1
0,0,1,0,0.975,0.6,0.3,0,1
0,1,0,0,0.921,0.8,0.2,0,1
0,0,1,0,0.947,0.7,0.2,0,1
0,0,1,0,1.052,0.7,0.2,0,1
0,0,1,0,1.004,0.6,0.1,0,1
0,0,1,0,0.985,0.6,0.1,0,1
0,0,1,0,1.009,0.5,0.1,1,1
0,0,1,0,1.013,0.5,0.1,0,1
0,0,1,0,0.955,0.5,0.1,1,1
0,0,1,0,0.947,0.5,0.1,0,1
0,0,1,0,0.98,0.5,0.1,0,1
0,0,1,0,0.968,0.5,0.1,0,1
0,0,1,0,1.151,0.3,0,0,1
0,0,1,0,1.151,0.3,0,0,1
0,0,1,0,1.151,0.3,0,0,1
0,0,1,0,1.151,0.3,0,0,1
0,0,1,0,1.151,0.3,0,0,1
0,0,1,0,1.151,0.3,0,0,1
0,0,1,0,1.151,0.3,0,0,1
0,0,1,0,1.151,0.3,0,0,1
0,0,1,0,1.151,0.3,0,0,1
0,0,1,0,1.151,0.3,0,0,1
0,0,1,0,1.151,0.4,0.2,0,1
0,0,1,0,1.124,0.4,0.2,1,1
0,0,1,0,1.004,0.4,0.2,0,1
0,0,1,0,1.151,0.4,0.2,0,1
0,0,1,0,1.131,0.4,0.2,0,1
0,0,1,0,0.947,0.4,0.2,0,1
0,0,1,0,1.151,0.4,0.2,0,1
0,0,1,0,0.968,0.4,0.2,0,1
0,0,0,0,0.926,0.9,0.3,0,1
0,0,1,0,1.097,0.7,0,1,1
0,0,1,0,0.99,0.7,0,0,1
0,0,1,0,0.947,0.7,0,0,1
0,1,0,0,0.921,0.7,0,0,1
0,1,0,0,0.899,0.9,0.3,0,1
0,1,0,0,0.939,0.8,0.1,1,1
0,1,0,0,0.904,0.8,0.1,0,1
0,0,0,0,0.974,1.1,0.7,0,1
0,0,0,0,1,1,0.7,0,1
0,0,0,0,0.971,1,0.6,0,1
0,0,0,0,0.939,1,0.6,1,1
0,1,0,0,0.947,1,0.6,1,1
0,1,0,0,0.968,1,0.6,0,1
0,0,0,1,1.028,1,0.6,0,1
0,0,0,1,0.852,1,0.6,0,1
0,0,1,0,0.87,0.9,0.6,0,1
0,0,1,0,1.125,0.9,0.6,0,1
0,0,0,0,0.969,0.9,0.6,0,1
0,0,1,0,0.95,0.9,0.6,0,1
0,0,1,0,0.939,0.9,0.6,0,1
0,0,1,0,1.151,0.9,0.6,0,1
0,1,0,0,0.939,0.9,0.6,0,1
0,0,1,0,0.985,0.9,0.6,0,1
0,1,0,0,0.931,0.9,0.6,0,1
0,1,0,0,0.939,0.9,0.6,0,1
0,0,1,0,1.151,0.8,0.6,0,1
0,1,0,0,0.835,0.9,0.6,0,1
0,0,1,0,1.151,0.8,0.6,0,1
0,0,1,0,1.151,0.8,0.6,0,1
0,1,0,0,0.91,0.8,0.6,1,1
0,1,0,0,0.899,0.9,0.6,0,1
0,1,0,0,0.91,0.9,0.6,0,1
0,0,1,0,0.947,0.9,0.6,0,1
0,0,1,0,0.852,0.9,0.6,0,1
0,0,1,0,1.151,0.8,0.6,0,1
0,0,1,0,1.151,0.8,0.6,0,1
0,0,1,0,1.131,0.9,0.6,0,1
0,0,1,0,0.91,0.9,0.6,0,1
0,0,1,0,1.107,0.9,0.6,0,1
0,0,1,0,1.151,0.9,0.6,0,1
0,0,0,0,0.968,1,0.6,0,1
0,0,0,0,1.029,1,0.6,0,1
0,0,0,0,0.962,1,0.6,0,1
0,0,0,0,0.91,1,0.6,0,1
0,0,0,0,0.885,1,0.6,0,1
0,0,1,0,0.91,0.9,0.6,0,1
0,1,0,0,0.921,0.8,0.5,0,1
0,0,1,0,1.151,0.8,0.5,0,1
0,0,1,0,0.985,0.8,0.5,0,1
0,0,1,0,1.151,0.8,0.5,0,1
0,0,1,0,1.151,0.8,0.5,0,1
0,0,1,0,1.151,0.8,0.5,0,1
0,0,1,0,1.01,0.8,0.5,0,1
0,0,1,0,1.151,0.8,0.5,0,1
0,0,1,0,1.151,0.8,0.5,0,1
0,1,0,0,0.76,0.8,0.5,0,1
0,0,1,0,1.151,0.8,0.6,0,1
0,0,1,0,0.931,0.8,0.6,0,1
0,1,0,0,0.91,0.8,0.6,0,1
0,0,1,0,0.899,0.9,0.6,0,1
0,0,1,0,0.76,0.9,0.6,0,1
0,0,1,0,1.031,0.9,0.6,0,1
0,0,0,0,0.899,1,0.6,0,1
0,0,0,0,0.91,1,0.6,0,1
0,0,0,0,0.968,1,0.6,0,1
0,1,0,0,0.964,0.9,0.6,0,1
0,0,1,0,0.801,0.9,0.6,0,1
0,0,1,0,0.921,0.9,0.6,0,1
0,0,1,0,0.955,0.9,0.6,0,1
0,0,1,0,0.885,0.9,0.6,0,1
0,1,0,0,0.921,0.9,0.6,0,1
0,0,1,0,1.151,0.9,0.6,0,1
0,1,0,0,0.885,0.9,0.6,0,1
0,0,0,1,0.829,0.9,0.6,0,1
0,1,0,0,0.931,0.8,0.6,0,1
0,0,1,0,1.151,0.8,0.6,0,1
0,0,1,0,1.151,0.8,0.6,0,1
0,0,1,0,1.076,0.8,0.6,0,1
0,0,1,0,0.921,0.8,0.6,0,1
0,1,0,0,0.87,0.9,0.5,0,1
0,0,1,0,1.151,0.8,0.5,0,1
0,0,1,0,1.151,0.8,0.5,0,1
0,0,1,0,1.151,0.8,0.5,0,1
0,1,0,0,0.885,0.9,0.5,0,1
0,0,0,1,0.974,0.9,0.5,0,1
0,1,0,0,0.885,0.9,0.5,1,1
0,1,0,0,0.939,0.9,0.6,0,1
0,1,0,0,0.87,0.9,0.6,0,1
0,1,0,0,0.921,0.9,0.6,0,1
0,0,1,0,1.151,0.9,0.6,0,1
0,0,1,0,1.151,0.9,0.6,0,1
0,0,1,0,1.151,0.9,0.6,0,1
0,0,1,0,1.118,0.9,0.6,0,1
0,0,1,0,0.68,0.9,0.6,0,1
0,0,1,0,0.709,0.9,0.6,0,1
0,0,1,0,0.98,0.9,0.6,0,1
0,0,1,0,0.91,0.9,0.6,0,1
0,0,1,0,1.071,0.9,0.6,1,1
0,0,0,0,0.75,0.9,0.6,0,1
0,0,0,0,0.852,1,0.6,0,1
0,0,0,0,0.87,1,0.6,0,1
0,0,0,0,1.029,1,0.5,0,1
0,0,0,0,0.778,0.9,0.4,0,1
0,0,0,0,0.731,1,0.5,0,1
0,0,1,0,0.931,0.9,0.6,0,1
0,0,1,0,0.885,0.9,0.6,0,1
0,0,1,0,0.995,0.9,0.6,0,1
0,0,1,0,0.829,0.8,0.6,0,1
0,0,1,0,1.009,0.9,0.4,0,1
0,1,0,0,0.961,0.9,0.5,0,1
0,0,0,0,0.969,0.9,0.5,0,1
0,0,1,0,0.947,0.8,0.5,0,1
0,0,1,0,1.151,0.8,0.5,0,1
0,0,1,0,1.151,0.8,0.5,0,1
0,0,1,0,1.151,0.8,0.5,0,1
0,0,1,0,1.151,0.8,0.5,0,1
0,0,1,0,1.037,0.8,0.5,0,1
0,1,0,0,0.933,0.8,0.5,0,1
0,0,0,0,0.953,0.8,0.5,0,1
0,1,0,0,0.931,0.8,0.5,0,1
0,0,1,0,0.947,0.8,0.5,0,1
0,0,0,0,0.964,0.8,0.5,1,1
0,0,0,0,0.824,0.8,0.5,0,1
0,0,1,0,0.91,0.9,0.5,0,1
0,1,0,0,0.87,0.9,0.5,0,1
0,1,0,0,0.955,0.9,0.5,0,1
0,0,0,0,0.933,0.9,0.5,0,1
0,1,0,0,0.931,0.9,0.5,0,1
0,0,1,0,0.913,0.9,0.5,0,1
0,0,1,0,0.931,0.9,0.5,1,1
0,0,1,0,1.076,0.9,0.5,0,1
0,1,0,0,0.929,0.9,0.5,0,1
0,1,0,0,0.921,0.9,0.5,0,1
0,0,1,0,1.151,0.9,0.5,0,1
0,0,1,0,1.074,0.9,0.5,1,1
0,0,0,0,0.899,0.9,0.5,0,1
0,1,0,0,0.882,0.9,0.5,0,1
0,0,1,0,1.062,0.9,0.5,0,1
0,0,0,0,0.852,1,0.5,0,1
0,1,0,0,0.91,1,0.5,0,1
0,0,0,0,0.962,1,0.5,0,1
0,0,0,0,0.921,1.1,0.5,0,1
0,0,0,0,1.081,1,0.5,0,1
0,0,0,0,0.91,1.1,0.4,1,1
0,0,0,0,0.899,1.1,0.4,0,1
0,0,0,0,0.962,1.1,0.4,0,1
0,0,0,0,1.151,1.2,0.7,0,1
0,0,0,0,1.018,1.1,0.7,0,1
0,0,1,0,1.151,0.6,0.5,0,1
0,0,1,0,1.151,0.6,0.5,0,1
0,0,1,0,1.151,0.6,0.5,0,1
0,0,1,0,1.151,0.6,0.5,0,1
0,0,1,0,0.974,0.6,0.5,0,1
0,0,1,0,1.151,0.6,0.4,0,1
0,1,0,0,0.846,0.6,0.4,0,1
0,0,0,0,0.89,0.6,0.4,0,1
0,0,1,0,1.151,0.6,0.4,0,1
0,0,1,0,1.151,0.6,0.4,0,1
0,0,1,0,1.151,0.6,0.4,0,1
0,0,1,0,1.151,0.6,0.4,0,1
0,0,1,0,1.151,0.6,0.4,0,1
0,0,1,0,1.131,0.6,0.4,0,1
0,1,0,0,0.947,0.6,0.4,0,1
0,0,0,0,0.887,0.6,0.4,0,1
0,1,0,0,0.939,0.6,0.4,0,1
0,0,1,0,0.974,0.6,0.4,0,1
0,0,1,0,1.151,0.6,0.4,0,1
0,0,1,0,1.151,0.6,0.4,0,1
0,0,1,0,1.151,0.6,0.4,0,1
0,0,1,0,0.98,0.6,0.4,0,1
0,1,0,0,0.829,0.6,0.4,0,1
0,0,1,0,1.151,0.6,0.4,0,1
0,0,1,0,1.151,0.6,0.4,0,1
0,1,0,0,0.931,0.6,0.4,0,1
0,1,0,0,0.939,0.6,0.4,0,1
0,0,1,0,1.151,0.6,0.4,0,1
0,0,1,0,1.151,0.6,0.4,0,1
0,0,1,0,1.151,0.6,0.4,0,1
0,0,1,0,1.151,0.6,0.4,0,1
0,0,1,0,1.151,0.6,0.4,0,1
0,0,1,0,1.151,0.6,0.4,0,1
0,0,1,0,1.151,0.6,0.4,0,1
0,0,1,0,1.151,0.6,0.4,0,1
0,0,1,0,0.885,0.6,0.4,0,1
0,0,1,0,1.151,0.6,0.4,0,1
0,0,1,0,1.151,0.6,0.4,0,1
0,0,1,0,1.151,0.6,0.4,0,1
0,0,1,0,1.151,0.6,0.4,0,1
0,0,1,0,1.151,0.6,0.4,0,1
0,0,1,0,1.151,0.6,0.4,0,1
0,0,1,0,1.151,0.6,0.4,0,1
0,0,1,0,1.151,0.6,0.4,0,1
0,0,1,0,1.151,0.6,0.4,0,1
0,0,1,0,1.151,0.6,0.4,0,1
0,0,1,0,1.151,0.6,0.4,0,1
0,0,1,0,0.852,0.9,0.6,0,1
0,0,1,0,0.87,0.9,0.6,0,1
0,0,1,0,0.829,0.9,0.6,0,1
0,0,1,0,1.151,0.8,0.5,0,1
0,0,1,0,1.151,0.8,0.5,0,1
0,0,1,0,1.151,0.8,0.5,0,1
0,0,1,0,1.151,0.8,0.5,0,1
0,1,0,0,0.87,0.7,0.5,1,1
0,1,0,0,0.968,0.7,0.5,1,1
0,0,1,0,1.099,0.7,0.5,0,1
0,0,1,0,0.962,0.7,0.5,0,1
0,0,1,0,1.151,0.7,0.5,0,1
0,0,1,0,0.98,0.7,0.5,0,1
0,0,1,0,1.151,0.7,0.5,0,1
0,1,0,0,0.974,0.7,0.5,0,1
0,0,1,0,1.151,0.6,0.5,0,1
0,0,1,0,1.151,0.6,0.5,0,1
0,0,1,0,0.87,0.6,0.5,0,1
0,0,1,0,1.151,0.6,0.5,0,1
0,0,1,0,1.151,0.6,0.5,0,1
0,0,1,0,1.151,0.6,0.5,0,1
0,0,1,0,1.151,0.6,0.5,0,1
0,1,0,0,0.909,0.7,0.5,1,1
0,1,0,0,0.87,0.6,0.4,0,1
0,0,1,0,1.151,0.6,0.4,0,1
0,0,1,0,1.151,0.6,0.4,0,1
0,0,1,0,1.151,0.6,0.4,0,1
0,0,1,0,1.151,0.6,0.4,0,1
0,0,1,0,1.151,0.6,0.4,0,1
0,0,1,0,1.151,0.6,0.4,0,1
0,1,0,0,0.963,0.6,0.4,0,1
0,0,1,0,1.151,0.6,0.4,0,1
0,0,1,0,1.151,0.6,0.4,0,1
0,0,1,0,1.151,0.6,0.4,0,1
0,0,1,0,1.151,0.6,0.4,0,1
0,0,1,0,1.151,0.6,0.4,0,1
0,0,1,0,1.151,0.6,0.4,0,1
0,0,1,0,1.151,0.6,0.4,0,1
0,0,1,0,1.151,0.6,0.4,0,1
0,0,1,0,1.151,0.6,0.5,0,1
0,0,1,0,1.151,0.6,0.5,0,1
0,0,1,0,1.151,0.6,0.5,0,1
0,0,1,0,1.151,0.6,0.5,0,1
0,0,1,0,1.046,0.6,0.5,0,1
0,0,0,0,1.106,1.1,0.4,0,1
0,0,0,0,1.151,1,0.3,0,1
0,1,0,0,0.885,0.7,0.4,0,1
0,1,0,0,0.931,0.7,0.4,0,1
0,0,1,0,1.151,0.7,0.5,0,1
0,0,1,0,1.151,0.7,0.5,0,1
0,0,1,0,1.151,0.7,0.5,0,1
0,0,1,0,1.151,0.7,0.5,0,1
0,0,0,0,0.881,0.8,0.5,0,1
0,1,0,0,0.87,0.8,0.5,0,1
0,1,0,0,0.87,0.8,0.5,0,1
0,0,1,0,1.151,0.7,0.4,0,1
0,0,1,0,1.151,0.6,0.4,0,1
0,0,1,0,1.151,0.6,0.4,0,1
0,0,1,0,1.151,0.6,0.4,0,1
0,0,1,0,1.151,0.6,0.4,0,1
0,0,1,0,1.151,0.6,0.4,0,1
0,1,0,0,0.898,0.6,0.4,0,1
0,1,0,0,0.87,0.6,0.4,0,1
0,0,1,0,1.151,0.6,0.4,0,1
0,0,1,0,1.151,0.8,0.5,0,1
0,0,1,0,1.151,0.8,0.5,0,1
0,1,0,0,0.87,0.8,0.5,0,1
0,0,1,0,1.151,0.8,0.5,0,1
0,0,1,0,1.151,0.8,0.5,0,1
0,1,0,0,0.939,0.8,0.5,0,1
0,0,1,0,1.151,0.8,0.5,0,1
0,0,1,0,1.151,0.8,0.5,0,1
0,1,0,0,0.968,0.8,0.5,0,1
0,1,0,0,0.95,0.9,0.5,1,1
0,0,0,0,0.912,0.9,0.5,0,1
0,0,1,0,1.151,0.7,0.4,0,1
0,0,1,0,1.151,0.7,0.4,0,1
0,0,1,0,1.151,0.7,0.4,0,1
0,0,1,0,1.151,0.6,0.3,0,1
0,0,1,0,1.151,0.6,0.3,0,1
0,0,1,0,1.151,0.6,0.3,0,1
0,0,1,0,1.151,0.6,0.3,0,1
0,0,1,0,1.151,0.6,0.3,0,1
0,0,1,0,1.013,0.6,0.3,1,1
0,1,0,0,0.921,0.6,0.3,0,1
0,0,1,0,1.151,0.6,0.3,0,1
0,0,1,0,1.151,0.6,0.3,0,1
0,0,1,0,1.028,0.6,0.3,0,1
0,1,0,0,1.009,0.6,0.3,1,1
0,0,0,0,1.151,1,0.7,0,1
0,0,1,0,0.98,1,0.7,0,1
0,0,1,0,0.91,1,0.7,1,1
0,1,0,0,0.87,1,0.7,1,1
0,1,0,0,0.87,0.9,0.6,0,1
0,1,0,0,0.955,0.9,0.6,0,1
0,0,1,0,1.024,0.9,0.6,0,1
0,0,1,0,0.931,0.9,0.6,0,1
0,1,0,0,0.921,0.9,0.6,0,1
0,0,0,1,0.98,0.9,0.6,1,1
0,0,1,0,1.151,0.8,0.6,0,1
0,0,1,0,1.151,0.8,0.6,0,1
0,0,1,0,1.151,0.8,0.6,0,1
0,0,1,0,1.055,0.8,0.6,0,1
0,1,0,0,0.904,0.9,0.6,0,1
0,1,0,0,0.931,0.8,0.6,0,1
0,1,0,0,0.939,0.8,0.6,0,1
0,0,1,0,1.151,0.8,0.6,0,1
0,0,1,0,1.151,0.8,0.6,0,1
0,0,1,0,1.151,0.8,0.6,0,1
0,0,1,0,1.151,0.8,0.6,0,1
0,0,1,0,1.151,0.7,0.6,0,1
0,0,1,0,1.151,0.7,0.6,0,1
0,0,1,0,1.151,0.7,0.6,0,1
0,0,1,0,1.151,0.7,0.6,0,1
0,0,1,0,1.151,0.7,0.6,0,1
0,0,1,0,1.017,0.7,0.6,0,1
0,1,0,0,1.02,0.8,0.6,0,1
0,0,0,0,0.947,1.1,0.7,0,1
0,0,0,0,0.939,1.1,0.7,0,1
0,0,0,0,1.139,1.1,0.7,0,1
0,0,0,0,1.049,1,0.7,0,1
0,0,0,0,1.028,1,0.7,0,1
0,0,0,0,0.921,1,0.7,0,1
0,0,0,0,0.87,1,0.7,0,1
0,0,0,0,0.955,1,0.7,0,1
0,0,0,0,1.126,1,0.7,0,1
0,0,0,0,0.921,1,0.7,0,1
0,0,0,0,0.91,1,0.7,0,1
0,0,0,0,1.105,1,0.7,0,1
0,0,0,0,0.98,1,0.7,0,1
0,0,0,0,0.939,1,0.7,1,1
0,0,0,0,0.968,1,0.7,1,1
0,0,0,0,0.985,1,0.7,0,1
0,1,0,0,0.91,1,0.7,0,1
0,1,0,0,0.908,1,0.7,0,1
0,0,0,0,0.931,0.9,0.6,1,1
0,0,0,0,1.084,0.9,0.6,1,1
0,0,1,0,1.055,0.9,0.6,0,1
0,1,0,0,0.91,0.9,0.6,0,1
0,0,0,0,0.962,0.9,0.6,0,1
0,0,1,0,1.057,0.9,0.6,1,1
0,0,0,0,0.94,0.9,0.6,0,1
0,0,1,0,0.939,0.9,0.6,1,1
0,0,0,0,0.863,0.9,0.6,0,1
0,0,1,0,1.151,0.8,0.6,0,1
0,0,1,0,0.885,0.8,0.6,0,1
0,0,1,0,1.151,0.8,0.6,0,1
0,1,0,0,0.939,0.8,0.6,0,1
0,0,1,0,1.103,0.8,0.6,0,1
0,0,1,0,1.151,0.8,0.6,0,1
0,0,1,0,0.968,0.8,0.6,0,1
0,1,0,0,0.877,0.8,0.6,1,1
0,0,1,0,1.151,0.7,0.5,0,1
0,1,0,0,0.829,0.7,0.5,0,1
0,0,1,0,1.151,0.7,0.5,0,1
0,1,0,0,0.947,0.7,0.5,0,1
0,0,1,0,1.151,0.7,0.5,0,1
0,0,1,0,1.113,0.7,0.5,0,1
0,1,0,0,0.899,0.7,0.5,0,1
0,0,1,0,0.87,0.7,0.5,0,1
0,1,0,0,0.931,0.7,0.5,0,1
0,0,1,0,1.151,0.8,0.6,0,1
0,0,1,0,1.151,0.8,0.6,0,1
0,0,1,0,0.98,0.8,0.6,0,1
0,1,0,0,0.899,0.7,0.5,0,1
0,0,1,0,1.151,0.7,0.5,0,1
0,0,1,0,1.151,0.7,0.5,0,1
0,0,1,0,1.126,0.7,0.5,1,1
0,1,0,0,0.921,0.7,0.5,0,1
0,0,1,0,0.995,0.7,0.5,0,1
0,0,1,0,1.151,0.6,0.5,0,1
0,0,1,0,1.151,0.6,0.5,0,1
0,0,1,0,1.151,0.6,0.5,0,1
0,0,1,0,1.151,0.6,0.5,0,1
0,0,1,0,1.007,0.6,0.5,0,1
0,0,1,0,1.151,0.6,0.4,0,1
0,0,1,0,1.151,0.6,0.4,0,1
0,0,1,0,1.151,0.6,0.4,0,1
0,0,1,0,1.046,0.6,0.4,0,1
0,0,1,0,0.91,0.6,0.4,0,1
0,1,0,0,0.929,0.9,0.4,0,1
0,0,0,0,1.054,1,0.3,0,1
0,1,0,0,0.937,0.9,0.4,0,1
0,1,0,0,0.931,0.9,0.4,0,1
0,0,1,0,0.974,0.9,0.4,0,1
0,0,1,0,0.947,0.9,0.5,0,1
0,0,1,0,1.08,0.9,0.5,0,1
0,0,1,0,0.852,0.9,0.5,0,1
0,0,1,0,1.103,0.8,0.5,1,1
0,0,1,0,1.009,0.7,0.3,1,1
0,0,1,0,1.151,0.7,0.4,0,1
0,0,1,0,1.013,0.7,0.4,0,1
0,1,0,0,0.939,0.7,0.4,0,1
0,0,1,0,1.151,0.7,0.3,0,1
0,0,1,0,1.049,0.7,0.3,1,1
0,0,0,0,1.088,1,0.3,0,1
0,0,0,0,0.87,1,0.4,0,1
0,0,0,0,0.931,1,0.4,0,1
0,0,0,0,1.013,1,0.3,0,1
0,0,0,0,1.058,1,0.3,0,1
0,1,0,0,1.003,1,0.3,0,1
0,0,0,1,0.921,0.9,0.3,0,1
0,0,0,1,0.968,0.9,0.3,1,1
0,0,1,0,1,0.9,0.3,1,1
0,0,0,1,0.995,0.9,0.3,1,1
0,0,1,0,0.921,0.9,0.3,1,1
0,0,1,0,0.955,0.9,0.3,0,1
0,0,0,1,0.974,0.9,0.3,0,1
0,0,1,0,0.955,0.8,0.3,0,1
0,0,1,0,0.931,0.8,0.3,1,1
0,0,1,0,1,0.8,0.4,0,1
0,0,1,0,1.151,0.8,0.4,0,1
0,0,1,0,0.829,0.8,0.4,1,1
0,0,1,0,0.939,0.7,0.4,1,1
0,0,1,0,0.939,0.7,0.4,1,1
0,0,1,0,0.947,0.7,0.4,0,1
0,0,1,0,1.107,0.7,0.4,1,1
0,0,1,0,1.009,0.7,0.4,0,1
0,0,1,0,1.151,0.8,0.4,0,1
0,0,1,0,1.141,0.8,0.4,1,1
0,0,1,0,1.133,0.7,0.3,1,1
0,0,1,0,1.151,0.7,0.2,0,1
0,1,0,0,0.863,0.8,0.2,0,1
0,1,0,0,0.921,0.9,0.2,0,1
0,0,1,0,0.829,0.9,0.2,0,1
0,0,1,0,0.921,0.9,0.2,0,1
0,0,1,0,1.052,0.9,0.2,0,1
0,0,0,0,0.947,1,0.3,0,1
0,0,0,0,0.985,1,0.3,0,1
0,0,0,0,0.962,1,0.3,1,1
0,0,0,0,0.87,1,0.3,1,1
0,0,0,0,0.899,1,0.3,0,1
0,0,0,0,0.885,1,0.3,0,1
0,0,0,0,0.899,0.9,0.4,0,1
0,1,0,0,0.87,0.9,0.4,0,1
0,0,1,0,1.151,0.9,0.4,0,1
0,0,1,0,1.151,0.9,0.4,0,1
0,0,1,0,1.151,0.9,0.4,0,1
0,0,1,0,1.11,0.9,0.4,0,1
0,1,0,0,0.931,0.8,0.5,0,1
0,1,0,0,0.974,0.8,0.5,0,1
0,0,1,0,1.151,0.8,0.5,0,1
0,0,1,0,1.055,0.9,0.5,0,1
0,1,0,0,0.885,0.9,0.5,0,1
0,1,0,0,0.87,0.8,0.5,0,1
0,0,1,0,0.899,0.8,0.5,0,1
0,0,1,0,0.87,0.8,0.5,0,1
0,0,1,0,1.123,0.8,0.5,0,1
0,0,1,0,1.151,0.5,0.4,0,1
0,0,1,0,1.151,0.5,0.4,0,1
0,0,1,0,1.151,0.5,0.4,0,1
0,0,1,0,1.151,0.5,0.4,0,1
0,0,1,0,1.117,0.5,0.4,0,1
0,0,1,0,1.151,0.5,0.4,0,1
0,0,1,0,1.151,0.5,0.4,0,1
0,0,1,0,1.151,0.5,0.4,0,1
0,0,1,0,1.151,0.5,0.4,0,1
0,1,0,0,0.947,0.7,0.4,0,1
0,1,0,0,0.888,0.7,0.4,0,1
0,0,1,0,1.151,0.5,0.3,0,1
0,0,1,0,1.151,0.5,0.3,0,1
0,0,1,0,1.116,0.5,0.3,0,1
0,0,1,0,1.151,0.6,0.4,0,1
0,0,1,0,1.143,0.6,0.4,0,1
0,0,1,0,1.151,0.6,0.4,0,1
0,1,0,0,0.87,0.7,0.4,0,1
0,1,0,0,0.953,0.7,0.4,0,1
0,0,0,0,0.87,0.8,0.3,0,1
0,0,1,0,0.899,0.7,0.3,0,1
0,0,1,0,0.931,0.7,0.3,0,1
0,0,1,0,1.151,0.6,0.4,0,1
0,0,1,0,1.151,0.6,0.4,0,1
0,0,1,0,1.151,0.6,0.4,0,1
0,0,1,0,1.151,0.6,0.4,0,1
0,0,1,0,0.885,0.6,0.4,0,1
0,0,1,0,0.875,0.6,0.4,1,1
0,1,0,0,0.899,0.8,0.5,0,1
0,1,0,0,0.947,0.7,0.5,0,1
0,0,1,0,1.151,0.7,0.5,0,1
0,0,1,0,1.151,0.7,0.5,0,1
0,0,1,0,0.91,0.7,0.5,0,1
0,1,0,0,0.885,0.6,0.5,0,1
0,0,1,0,1.151,0.6,0.5,0,1
0,0,1,0,1.151,0.6,0.5,0,1
0,0,1,0,1.151,0.6,0.5,0,1
0,0,1,0,1.151,0.6,0.5,0,1
0,0,1,0,1.151,0.6,0.5,0,1
0,0,1,0,1.151,0.6,0.5,0,1
0,0,1,0,1.151,0.6,0.5,0,1
0,0,1,0,1.08,0.6,0.5,1,1
0,0,0,0,1.031,1.1,0.5,1,1
0,0,0,0,0.899,1.1,0.6,1,1
0,1,0,0,0.861,1,0.5,1,1
0,1,0,0,0.939,1,0.5,1,1
0,0,0,1,0.954,1,0.5,1,1
0,0,0,1,1.097,1,0.5,1,1
0,1,0,0,0.921,1,0.6,1,1
0,1,0,0,0.962,1,0.6,1,1
0,0,1,0,0.931,1,0.6,1,1
0,0,1,0,0.829,1,0.6,1,1
0,0,1,0,0.885,1,0.6,1,1
0,0,1,0,0.955,0.9,0.5,1,1
0,1,0,0,0.971,0.9,0.6,1,1
0,1,0,0,0.954,0.8,0.4,0,1
0,1,0,0,0.91,0.9,0.4,0,1
0,0,1,0,1.151,0.8,0.1,0,1
0,0,1,0,0.921,0.8,0.1,0,1
0,0,1,0,0.931,0.8,0.1,1,1
0,1,0,0,0.955,0.7,0.2,1,1
0,0,1,0,0.98,0.7,0.2,0,1
0,0,1,0,0.968,0.7,0.2,0,1
0,0,1,0,0.98,0.7,0.2,0,1
0,0,1,0,1.004,0.7,0.2,1,1
0,0,1,0,0.939,0.7,0.2,1,1
0,0,1,0,0.936,0.7,0.2,0,1
0,0,1,0,1.084,0.7,0.5,0,1
0,1,0,0,0.87,0.7,0.5,0,1
0,0,1,0,0.962,0.7,0.5,1,1
0,0,1,0,1.151,0.6,0.4,0,1
0,0,1,0,1.151,0.6,0.4,0,1
0,0,1,0,1.071,0.6,0.4,0,1
0,1,0,0,0.91,0.6,0.4,0,1
0,0,1,0,1.151,0.7,0.4,0,1
0,0,1,0,0.995,0.7,0.4,0,1
0,0,1,0,0.947,0.7,0.4,0,1
0,0,1,0,0.955,0.7,0.4,0,1
0,0,1,0,1.151,0.6,0.5,0,1
0,0,1,0,1.151,0.6,0.5,0,1
0,0,1,0,1.151,0.6,0.5,0,1
0,1,0,0,0.922,0.6,0.4,0,1
0,1,0,0,0.968,0.7,0.5,0,1
0,0,1,0,1.151,0.7,0.5,0,1
0,0,1,0,1.151,0.7,0.5,0,1
0,1,0,0,0.885,0.6,0.4,0,1
0,0,1,0,1.151,0.6,0.5,0,1
0,0,1,0,1.151,0.6,0.5,0,1
0,0,1,0,1.151,0.6,0.5,0,1
0,0,1,0,1.151,0.6,0.5,0,1
0,0,1,0,1.151,0.6,0.5,0,1
0,0,1,0,1.151,0.6,0.5,0,1
0,0,1,0,1.088,0.6,0.5,0,1
0,1,0,0,0.91,0.8,0.6,0,1
0,1,0,0,0.899,0.8,0.6,0,1
0,0,0,1,1.151,0.7,0.5,0,1
0,0,0,1,1.151,0.7,0.5,0,1
0,1,0,0,0.947,0.8,0.5,0,1
0,0,0,0,0.979,0.9,0.5,0,1
0,1,0,0,0.975,0.9,0.5,0,1
0,0,1,0,0.939,0.8,0.5,0,1
0,0,1,0,1.151,0.8,0.5,0,1
0,0,1,0,1.08,0.8,0.5,0,1
0,1,0,0,0.947,0.7,0.5,0,1
0,0,1,0,1.151,0.7,0.5,0,1
0,0,1,0,1.13,0.7,0.5,0,1
0,0,0,1,0.955,0.7,0.5,0,1
0,0,1,0,0.994,0.7,0.4,0,1
0,0,0,1,0.885,0.9,0.6,0,1
0,0,1,0,0.91,0.9,0.6,0,1
0,0,1,0,1.057,0.8,0.6,0,1
0,0,1,0,0.885,0.8,0.6,0,1
0,0,1,0,0.931,0.8,0.6,0,1
0,0,1,0,1.06,0.8,0.6,0,1
0,0,1,0,0.947,0.8,0.6,0,1
0,1,0,0,0.931,0.7,0.6,1,1
0,1,0,0,0.87,0.7,0.6,0,1
0,0,1,0,1.151,0.7,0.6,0,1
0,0,1,0,1.151,0.7,0.6,0,1
0,0,1,0,1.151,0.7,0.6,0,1
0,0,1,0,1.151,0.7,0.6,0,1
0,0,1,0,1.151,0.7,0.6,0,1
0,0,1,0,1.151,0.7,0.6,0,1
0,0,1,0,1.15,0.7,0.6,0,1
0,0,1,0,0.899,0.7,0.4,0,1
0,0,1,0,0.921,0.7,0.4,0,1
0,0,1,0,1.151,0.6,0.4,0,1
0,0,1,0,1.151,0.6,0.4,0,1
0,0,1,0,1.151,0.6,0.4,0,1
0,0,1,0,1.151,0.6,0.4,0,1
0,0,1,0,1.151,0.6,0.3,0,1
0,0,1,0,1.151,0.6,0.3,0,1
0,0,1,0,1.151,0.6,0.3,0,1
0,0,1,0,1.151,0.9,0.3,0,1
0,0,1,0,1.151,0.9,0.3,0,1
0,0,1,0,1.095,0.9,0.3,0,1
0,1,0,0,0.974,0.9,0.4,0,1
0,0,1,0,0.931,0.9,0.4,0,1
0,0,1,0,1.111,0.9,0.4,0,1
0,1,0,0,0.947,0.9,0.4,0,1
0,0,1,0,0.98,0.9,0.4,0,1
0,0,1,0,0.91,0.9,0.4,0,1
0,1,0,0,0.829,0.6,0.1,1,1
0,1,0,0,0.968,0.8,0.4,0,1
0,0,1,0,1.151,0.7,0.3,0,1
0,0,1,0,0.98,0.7,0.3,0,1
0,0,1,0,0.931,0.7,0.3,0,1
0,0,1,0,1.107,0.7,0.3,0,1
0,0,1,0,1.151,0.6,0.2,0,1
0,0,1,0,1.151,0.6,0.2,0,1
0,0,1,0,1.151,0.6,0.2,0,1
0,0,1,0,1.151,0.6,0.2,0,1
0,0,1,0,1.151,0.6,0.2,0,1
0,0,1,0,1.151,0.8,0.5,0,1
0,0,1,0,1.151,0.8,0.5,0,1
0,0,1,0,1.151,0.8,0.5,0,1
0,0,1,0,1.151,0.8,0.5,0,1
0,0,1,0,1.151,0.8,0.5,0,1
0,0,1,0,1.151,0.8,0.5,0,1
0,0,1,0,1.151,0.8,0.5,0,1
0,0,1,0,1.151,0.8,0.5,0,1
0,0,1,0,1.151,0.8,0.5,0,1
0,0,1,0,1.12,0.8,0.5,0,1
0,0,1,0,1.151,0.8,0.6,0,1
0,0,1,0,1.148,0.8,0.6,0,1
0,1,0,0,0.939,0.9,0.6,0,1
0,1,0,0,0.899,0.9,0.6,0,1
0,1,0,0,0.899,0.8,0.5,0,1
0,1,0,0,0.899,0.8,0.5,1,1
0,0,1,0,1.151,0.7,0.5,0,1
0,0,1,0,1.151,0.7,0.5,0,1
0,1,0,0,0.852,0.7,0.3,0,1
0,0,1,0,1.095,0.7,0.3,0,1
0,0,1,0,1.124,0.6,0.3,0,1
0,0,1,0,1.151,0.6,0.3,0,1
0,0,1,0,1.151,0.6,0.3,0,1
0,0,1,0,1.151,0.6,0.3,0,1
0,0,1,0,1.043,0.6,0.3,0,1
0,0,1,0,0.955,0.6,0.3,1,1
0,0,0,1,0.939,0.6,0.3,1,1
0,0,1,0,1.151,0.6,0.2,0,1
0,0,1,0,1.151,0.6,0.2,0,1
0,0,1,0,0.931,0.6,0.2,1,1
0,0,1,0,1.151,0.6,0.2,0,1
0,0,1,0,1.143,0.6,0.2,0,1
0,0,0,1,0.947,0.7,0.2,1,1
0,1,0,0,0.955,0.9,0.4,0,1
0,0,1,0,1.151,0.6,0.4,0,1
0,0,1,0,1.151,0.6,0.4,0,1
0,0,1,0,1.151,0.6,0.4,0,1
0,0,1,0,1.151,0.6,0.4,0,1
0,0,1,0,1.151,0.6,0.4,0,1
0,0,1,0,1.151,0.6,0.4,0,1
0,0,1,0,1.151,0.6,0.4,0,1
0,0,1,0,1.151,0.6,0.4,0,1
0,0,1,0,1.151,0.6,0.4,0,1
0,0,1,0,1.151,0.6,0.4,0,1
0,0,1,0,1.151,0.6,0.3,0,1
0,0,1,0,1.151,0.6,0.3,0,1
0,0,1,0,1.151,0.6,0.3,0,1
0,0,1,0,1.151,0.6,0.3,0,1
0,0,1,0,1.151,0.6,0.3,0,1
0,0,1,0,1.123,0.6,0.3,0,1
0,0,0,0,0.852,0.5,0.3,0,1
0,0,1,0,1.151,0.5,0.3,0,1
0,0,1,0,1.151,0.5,0.3,0,1
0,0,1,0,1.151,0.5,0.3,0,1
0,0,1,0,1.151,0.5,0.3,0,1
0,0,1,0,1.151,0.5,0.3,0,1
0,0,1,0,1.134,0.6,0.3,0,1
0,0,1,0,1.151,0.5,0.3,0,1
0,0,0,0,0.909,1,0.6,1,1
0,0,0,0,0.878,1,0.6,0,1
0,0,1,0,1.043,1,0.5,0,1
0,1,0,0,0.87,1,0.6,1,1
0,0,0,1,0.995,0.9,0.6,1,1
0,1,0,0,0.921,0.9,0.4,0,1
0,1,0,0,0.885,0.9,0.4,0,1
0,1,0,0,0.899,0.9,0.4,0,1
0,0,1,0,1.151,0.9,0.4,0,1
0,0,1,0,1.004,0.9,0.4,0,1
0,0,1,0,1.028,0.9,0.5,0,1
0,0,0,1,1,0.9,0.5,0,1
0,0,1,0,1.123,0.8,0.5,0,1
0,0,1,0,0.974,0.8,0.5,0,1
0,0,1,0,0.947,0.8,0.5,0,1
0,1,0,0,0.939,0.8,0.5,0,1
0,0,1,0,1.128,0.8,0.5,0,1
0,0,0,1,0.947,0.8,0.5,1,1
0,0,1,0,0.947,0.8,0.5,0,1
0,0,1,0,0.968,0.8,0.5,1,1
0,1,0,0,0.873,0.8,0.5,1,1
0,0,1,0,0.91,0.8,0.5,0,1
0,0,1,0,1.009,0.8,0.3,0,1
0,0,1,0,0.947,0.8,0.3,0,1
0,1,0,0,0.899,0.7,0.4,0,1
0,0,1,0,1.151,0.7,0.4,0,1
0,0,1,0,1.151,0.7,0.4,0,1
0,0,0,1,0.931,0.8,0.5,0,1
0,1,0,0,0.921,0.7,0.4,0,1
0,0,1,0,0.98,0.7,0.4,1,1
0,0,1,0,0.968,0.7,0.4,0,1
0,0,1,0,0.962,0.7,0.4,0,1
0,0,1,0,1.046,0.7,0.4,0,1
0,0,1,0,0.955,0.7,0.4,0,1
0,0,1,0,1.151,0.7,0.3,0,1
0,0,1,0,1.151,0.7,0.3,0,1
0,0,1,0,0.939,0.8,0.4,1,1
0,0,1,0,1.082,0.7,0.3,0,1
0,0,1,0,0.931,0.7,0.3,1,1
0,0,1,0,0.939,0.7,0.3,0,1
0,0,1,0,0.985,0.7,0.3,1,1
0,0,1,0,1.103,0.7,0.3,0,1
0,0,1,0,1.057,0.7,0.3,0,1
0,0,0,1,0.829,0.7,0.3,1,1
0,0,1,0,1.11,0.7,0.3,0,1
0,0,1,0,0.98,0.7,0.3,0,1
0,0,1,0,0.921,0.7,0.3,1,1
0,0,1,0,0.885,0.6,0.3,0,1
0,0,1,0,1.12,0.6,0.3,0,1
0,0,1,0,1.143,0.6,0.3,0,1
0,0,1,0,0.955,0.6,0.3,0,1
0,0,1,0,0.962,0.6,0.3,0,1
0,1,0,0,0.921,0.7,0.3,1,1
0,0,1,0,0.939,0.7,0.3,0,1
0,0,1,0,0.985,0.7,0.3,0,1
0,0,1,0,1.062,0.7,0.3,0,1
0,0,1,0,0.974,0.7,0.3,0,1
0,0,1,0,0.974,0.7,0.3,1,1
0,0,1,0,0.899,0.7,0.3,0,1
0,0,1,0,1.02,0.7,0.3,0,1
0,1,0,0,0.899,0.7,0.3,0,1
0,0,1,0,1.151,0.7,0.3,0,1
0,0,1,0,1.009,0.7,0.3,0,1
0,0,1,0,0.939,0.7,0.3,0,1
0,0,1,0,1.151,0.7,0.3,0,1
0,0,1,0,1.151,0.7,0.3,0,1
0,0,1,0,1.151,0.7,0.3,0,1
0,0,0,1,0.962,0.7,0.3,1,1
0,0,1,0,1.116,0.7,0,0,1
0,1,0,0,0.96,0.8,0.1,0,1
0,1,0,0,0.931,0.8,0.2,0,1
0,1,0,0,0.899,0.8,0.2,0,1
0,0,1,0,1.151,0.8,0.2,0,1
0,0,1,0,0.98,0.8,0.2,0,1
0,0,1,0,1.151,0.8,0.5,0,1
0,0,1,0,1.092,0.8,0.5,0,1
0,1,0,0,0.968,0.8,0.5,0,1
0,0,1,0,1.017,0.8,0.5,0,1
0,0,1,0,1.151,0.8,0.4,0,1
0,0,1,0,1.12,0.8,0.4,0,1
0,0,1,0,1.13,0.8,0.4,0,1
0,0,1,0,1.031,0.8,0.4,0,1
0,1,0,0,0.989,0.8,0.4,0,1
0,0,1,0,0.91,0.8,0.4,0,1
0,0,1,0,0.921,0.8,0.4,0,1
0,0,1,0,1.149,0.7,0.4,0,1
0,0,1,0,0.931,0.7,0.4,0,1
0,0,1,0,1.151,0.7,0.4,0,1
0,0,1,0,1.151,0.7,0.4,0,1
0,0,1,0,0.974,0.7,0.4,0,1
0,0,1,0,0.98,0.7,0.4,1,1
0,0,1,0,1.057,0.7,0.4,0,1
0,0,0,0,0.885,0.8,0.4,0,1
0,1,0,0,0.899,0.9,0.4,0,1
0,1,0,0,0.91,0.9,0.4,0,1
0,0,1,0,0.885,0.9,0.4,0,1
0,0,1,0,1.031,0.9,0.4,0,1
0,0,1,0,0.939,0.8,0.4,0,1
0,1,0,0,0.947,0.8,0.4,0,1
0,0,1,0,0.962,0.8,0.4,1,1
0,1,0,0,0.955,0.8,0.4,0,1
0,0,1,0,0.947,0.8,0.4,0,1
0,0,0,0,0.931,0.8,0.4,0,1
0,0,1,0,1.07,0.8,0.4,0,1
0,0,0,0,1.02,1,0.2,0,1
0,0,0,0,0.931,1,0.3,0,1
0,0,0,0,0.964,1,0.3,0,1
0,1,0,0,0.945,0.9,0.3,0,1
0,0,1,0,0.91,0.9,0.4,0,1
0,1,0,0,0.931,0.9,0.5,0,1
0,1,0,0,0.91,0.9,0.5,0,1
0,0,1,0,0.985,0.8,0.4,0,1
0,0,1,0,0.985,0.8,0.4,0,1
0,0,1,0,1.151,0.7,0.4,0,1
0,0,1,0,0.98,0.7,0.4,1,1
0,0,1,0,1.092,0.7,0.4,0,1
0,0,1,0,1.151,0.7,0.4,0,1
0,1,0,0,0.985,0.9,0.4,0,1
0,0,0,0,0.936,0.9,0.4,0,1
0,1,0,0,0.921,0.8,0.4,0,1
0,0,1,0,1.151,0.7,0.4,0,1
0,0,1,0,1.151,0.7,0.4,0,1
0,0,1,0,1.151,0.7,0.4,0,1
0,1,0,0,0.893,0.7,0.4,0,1
0,0,1,0,1.151,0.6,0.3,0,1
0,0,1,0,1.151,0.6,0.3,0,1
0,0,1,0,1.151,0.6,0.3,0,1
0,0,1,0,1.151,0.6,0.3,0,1
0,1,0,0,0.896,0.6,0.4,0,1
0,0,1,0,1.151,0.7,0.5,0,1
0,0,1,0,1.151,0.7,0.5,0,1
0,0,1,0,1.151,0.4,0.2,0,1
0,0,1,0,1.151,0.4,0.2,0,1
0,0,1,0,1.151,0.4,0.2,0,1
0,0,1,0,1.151,0.4,0.2,0,1
0,0,1,0,1.151,0.4,0.2,0,1
0,0,1,0,1.151,0.4,0.2,0,1
0,0,1,0,1.151,0.4,0.2,0,1
0,0,1,0,1.151,0.4,0.2,0,1
0,0,1,0,1.151,0.4,0.2,0,1
0,0,1,0,1.151,0.4,0.2,0,1
0,0,1,0,1.151,0.4,0.2,0,1
0,0,1,0,1.151,0.4,0.2,0,1
0,0,1,0,1.134,0.4,0.2,0,1
0,0,1,0,1.151,0.4,0.2,0,1
0,0,1,0,0.931,0.4,0.2,0,1
0,0,1,0,1.151,0.4,0.2,0,1
0,0,1,0,0.899,0.4,0.2,0,1
0,0,1,0,1.151,0.4,0.2,0,1
0,0,1,0,0.852,0.4,0.2,0,1
0,0,1,0,0.99,0.4,0.2,1,1
0,0,1,0,1.151,0.5,0.1,0,1
0,1,0,0,0.899,0.5,0.1,0,1
0,1,0,0,0.911,0.5,0.1,1,1
0,0,1,0,1.151,0.4,0.3,0,1
0,0,1,0,1.151,0.4,0.3,0,1
0,0,1,0,1.151,0.4,0.3,0,1
0,0,1,0,1.139,0.4,0.3,0,1
0,1,0,0,0.931,0.4,0.2,0,1
0,0,1,0,1.151,0.4,0.2,0,1
0,0,1,0,1.151,0.4,0.2,0,1
0,0,1,0,1.151,0.4,0.2,0,1
0,0,1,0,1.151,0.4,0.2,0,1
0,0,1,0,1.151,0.4,0.1,0,1
0,0,1,0,1.151,0.4,0.1,0,1
0,0,1,0,1.151,0.4,0.1,0,1
0,0,1,0,1.151,0.4,0.1,0,1
0,0,1,0,1.151,0.4,0.1,0,1
0,0,1,0,1.151,0.4,0.1,0,1
0,0,1,0,1.151,0.4,0.1,0,1
0,0,1,0,1.151,0.4,0.1,0,1
0,0,1,0,1.151,0.4,0.1,0,1
0,0,1,0,1.151,0.4,0.1,0,1
0,0,1,0,1.151,0.4,0.1,0,1
0,0,1,0,0.931,0.4,0.1,0,1
0,0,1,0,1.1,0.4,0.1,0,1
0,0,1,0,1.1,0.4,0.1,0,1
0,0,1,0,1.1,0.4,0.1,0,1
0,0,1,0,0.944,0.4,0.1,0,1
0,0,1,0,1.151,0.7,0.4,0,1
0,0,1,0,1.037,0.7,0.4,0,1
0,0,1,0,1.017,0.6,0.1,0,1
0,0,1,0,0.968,0.6,0.1,1,1
0,0,1,0,1.004,0.6,0.1,0,1
0,0,1,0,1.151,0.4,0.1,0,1
0,0,0,0,0.87,0.9,0.3,1,1
0,0,1,0,0.829,0.8,0.3,0,1
0,0,1,0,1.151,0.7,0.3,0,1
0,0,1,0,0.947,0.7,0.3,1,1
0,0,1,0,0.98,0.7,0.3,1,1
0,0,1,0,1.151,0.5,0.3,0,1
0,0,1,0,1.151,0.5,0.3,0,1
0,0,1,0,1.151,0.5,0.3,0,1
0,0,1,0,1.151,0.5,0.3,0,1
0,0,1,0,1.034,0.5,0.3,0,1
0,0,1,0,1.151,0.5,0.2,0,1
0,0,1,0,1.118,0.5,0.2,0,1
0,0,1,0,0.968,0.5,0.2,0,1
0,1,0,0,0.87,0.5,0.2,0,1
0,0,1,0,1.017,0.4,0.1,0,1
0,0,1,0,1.151,0.4,0.1,0,1
0,0,1,0,1.151,0.4,0.1,0,1
0,0,1,0,1.151,0.5,0.2,0,1
0,0,1,0,1.046,0.5,0.2,0,1
0,0,1,0,1.151,0.6,0.3,0,1
0,0,1,0,1.151,0.6,0.3,0,1
0,0,1,0,1.048,0.6,0.3,0,1
0,1,0,0,0.921,0.7,0.4,0,1
0,0,0,1,1.151,0.7,0.4,0,1
0,0,0,1,1.151,0.7,0.4,0,1
0,0,0,1,1.151,0.7,0.4,0,1
0,0,0,1,1.151,0.7,0.4,0,1
0,0,0,1,1.151,0.7,0.4,0,1
0,0,0,1,1.151,0.7,0.4,0,1
0,0,0,1,1.151,0.7,0.4,0,1
0,0,0,1,1.151,0.7,0.4,0,1
0,0,0,1,1.151,0.7,0.4,0,1
0,0,0,1,1.03,0.7,0.4,0,1
0,0,1,0,1.151,0.5,0.2,0,1
0,0,1,0,1.055,0.5,0.2,0,1
0,1,0,0,0.899,0.5,0.2,1,1
0,0,1,0,1.151,0.5,0.2,0,1
0,0,1,0,1.151,0.5,0.2,0,1
0,1,0,0,0.894,0.7,0.3,0,1
0,0,1,0,1.151,0.7,0.3,0,1
0,0,1,0,1.151,0.4,0.1,0,1
0,0,1,0,0.962,0.4,0.1,0,1
0,0,1,0,0.939,0.4,0.1,1,1
0,0,1,0,1.082,0.4,0.1,0,1
0,0,1,0,0.939,0.4,0.1,1,1
0,0,1,0,0.939,0.4,0.1,0,1
0,0,1,0,0.985,0.4,0.1,1,1
0,0,1,0,0.985,0.4,0.1,1,1
0,0,1,0,1.151,0.4,0.1,0,1
0,0,1,0,1.074,0.4,0.1,0,1
0,0,1,0,1.137,0.4,0.1,0,1
0,0,1,0,0.968,0.4,0.1,0,1
0,0,1,0,0.962,0.4,0.1,0,1
0,0,1,0,1.004,0.4,0.1,0,1
0,0,1,0,1.151,0.4,0.1,0,1
0,0,1,0,1.151,0.4,0.1,0,1
0,0,1,0,1.151,0.4,0.1,0,1
0,0,1,0,1.151,0.4,0.1,0,1
0,1,0,0,0.819,0.4,0.2,0,1
0,0,1,0,1.151,0.7,0.3,0,1
0,0,1,0,1.151,0.7,0.3,0,1
0,0,1,0,1.02,0.7,0.3,0,1
0,0,1,0,1.151,0.5,0.2,0,1
0,0,1,0,1.151,0.5,0.2,0,1
0,0,1,0,1.151,0.5,0.2,0,1
0,0,1,0,1.151,0.6,0.4,0,1
0,0,1,0,1.151,0.6,0.4,0,1
0,0,1,0,1.151,0.5,0.3,0,1
0,0,1,0,1.151,0.5,0.3,0,1
0,0,1,0,1.151,0.5,0.3,0,1
0,0,1,0,1.151,0.5,0.3,0,1
0,0,1,0,1.151,0.5,0.3,0,1
0,0,1,0,1.151,0.5,0.3,0,1
0,0,1,0,1.151,0.5,0.3,0,1
0,0,1,0,1.151,0.5,0.3,0,1
0,0,1,0,1.151,0.5,0.3,0,1
0,0,1,0,1.151,0.5,0.3,0,1
0,0,1,0,1.151,0.5,0.3,0,1
0,0,1,0,1.151,0.5,0.3,0,1
0,0,1,0,1.151,0.5,0.3,0,1
0,0,1,0,1.017,0.6,0.3,0,1
0,1,0,0,0.895,0.6,0.3,0,1
0,0,1,0,1.151,0.5,0.2,0,1
0,0,1,0,1.151,0.3,0.1,0,1
0,0,1,0,1.108,0.3,0.1,0,1
0,0,1,0,1.151,0.3,0.1,0,1
0,0,1,0,1.151,0.3,0.1,0,1
0,0,1,0,0.91,0.3,0.1,0,1
0,0,1,0,0.955,0.3,0.1,0,1
0,0,1,0,1.151,0.3,0.1,0,1
0,0,1,0,1.151,0.3,0.1,0,1
0,0,1,0,1.151,0.3,0.1,0,1
0,0,1,0,1.151,0.3,0.1,0,1
0,0,1,0,1.151,0.3,0.1,0,1
0,0,1,0,1.08,0.3,0.1,0,1
0,0,1,0,1.151,0.3,0.1,0,1
0,0,1,0,1.057,0.3,0.1,0,1
0,0,1,0,1.151,0.3,0.1,0,1
0,0,1,0,1.013,0.3,0.1,0,1
0,0,1,0,1.151,0.5,0.1,0,1
0,0,1,0,1.151,0.5,0.1,0,1
0,0,1,0,1.088,0.5,0.1,0,1
0,0,1,0,1.151,0.5,0.1,0,1
0,0,1,0,1.131,0.5,0.1,0,1
0,0,1,0,0.985,0.5,0.1,0,1
0,0,1,0,1.151,0.5,0.1,0,1
0,0,1,0,1.151,0.5,0.1,0,1
0,0,1,0,1.067,0.5,0.3,0,1
0,0,1,0,0.939,0.5,0.3,1,1
0,0,1,0,0.931,0.5,0.3,0,1
0,0,0,1,0.962,0.5,0.3,1,1
0,0,1,0,1.151,0.5,0.3,0,1
0,0,1,0,1.151,0.5,0.3,0,1
0,0,1,0,1.084,0.5,0.3,0,1
0,0,1,0,0.921,0.5,0.3,1,1
0,0,1,0,1.151,0.5,0.3,0,1
0,0,1,0,1.151,0.5,0.3,0,1
0,0,1,0,1.151,0.5,0.3,0,1
0,0,0,1,0.947,0.6,0.1,0,1
0,0,1,0,1.151,0.5,0.3,0,1
0,0,1,0,1.151,0.5,0.3,0,1
0,0,1,0,1.151,0.5,0.3,0,1
0,0,1,0,1.151,0.5,0.3,0,1
0,0,1,0,1.151,0.5,0.3,0,1
0,0,1,0,1.151,0.5,0.3,0,1
0,0,1,0,1.151,0.5,0.3,0,1
0,0,1,0,0.939,0.5,0.2,0,1
0,0,1,0,0.974,0.5,0.2,0,1
0,0,1,0,0.962,0.5,0.2,0,1
0,0,1,0,1.06,0.5,0.2,0,1
0,0,1,0,0.955,0.5,0.2,0,1
0,0,1,0,0.87,0.5,0.2,0,1
0,0,1,0,0.947,0.5,0.2,0,1
0,0,1,0,0.931,0.5,0.2,0,1
0,0,1,0,1.151,0.5,0.2,0,1
0,0,1,0,1.151,0.5,0.2,0,1
0,1,0,0,0.964,0.5,0.2,0,1
0,1,0,0,0.87,0.5,0.2,1,1
0,1,0,0,0.921,0.5,0.2,0,1
0,0,1,0,0.939,0.5,0.2,1,1
0,0,1,0,0.974,0.5,0.2,1,1
0,0,1,0,0.962,0.5,0.2,0,1
0,0,1,0,0.939,0.5,0.2,0,1
0,0,1,0,1,0.5,0.2,1,1
0,0,1,0,1.151,0.5,0.2,0,1
0,0,1,0,1.009,0.5,0.2,0,1
0,0,1,0,1.093,0.5,0.2,0,1
0,0,1,0,0.962,0.5,0.2,1,1
0,0,1,0,1.074,0.5,0.2,0,1
0,0,1,0,1.151,0.5,0.2,0,1
0,0,1,0,1.151,0.5,0.2,0,1
0,0,1,0,1.151,0.5,0.2,0,1
0,0,1,0,1.151,0.5,0.2,0,1
0,1,0,0,0.863,0.5,0.2,0,1
0,0,1,0,1.151,0.5,0.3,0,1
0,0,1,0,1.151,0.5,0.3,0,1
0,0,1,0,1.151,0.5,0.3,0,1
0,0,1,0,1.151,0.5,0.3,0,1
0,0,1,0,1.099,0.5,0.3,0,1
0,1,0,0,0.882,0.5,0.3,0,1
0,1,0,0,0.76,0.6,0.3,0,1
0,0,1,0,1.151,0.6,0.3,0,1
0,0,1,0,0.939,0.6,0.3,1,1
0,0,1,0,1.151,0.6,0.3,0,1
0,0,1,0,1.151,0.6,0.3,0,1
0,0,1,0,1.151,0.6,0.3,0,1
0,0,1,0,1.105,0.6,0.3,0,1
0,0,1,0,1.151,0.6,0.3,0,1
0,0,1,0,1.151,0.6,0.3,0,1
0,0,1,0,1.074,0.6,0.3,0,1
0,1,0,0,0.91,0.7,0.3,0,1
0,0,1,0,1.151,0.5,0.3,0,1
0,0,1,0,1.151,0.5,0.3,0,1
0,0,1,0,1.151,0.5,0.3,0,1
0,0,1,0,1.151,0.5,0.3,0,1
0,0,1,0,1.151,0.5,0.3,0,1
0,0,1,0,1.151,0.5,0.3,0,1
0,0,1,0,1.151,0.5,0.3,0,1
0,0,1,0,1.151,0.5,0.3,0,1
0,0,1,0,1.151,0.5,0.3,0,1
0,0,1,0,0.974,0.5,0.3,0,1
0,0,1,0,1.136,0.5,0.3,0,1
0,0,1,0,0.962,0.5,0.3,0,1
0,0,1,0,1.151,0.4,0.2,0,1
0,0,1,0,1.151,0.4,0.2,0,1
0,0,1,0,1.151,0.4,0.2,0,1
0,0,1,0,1.151,0.4,0.2,0,1
0,0,1,0,1.151,0.4,0.2,0,1
0,0,1,0,1.151,0.4,0.2,0,1
0,0,1,0,1.151,0.4,0.2,0,1
0,0,0,1,1.151,0.4,0.1,0,1
0,0,0,1,1.151,0.4,0.1,0,1
0,0,0,1,1.151,0.4,0.1,0,1
0,0,0,1,1.151,0.4,0.1,0,1
0,0,0,1,1.151,0.4,0.1,0,1
0,0,0,1,0.974,0.3,0.1,0,1
0,0,0,1,1.009,0.3,0.1,0,1
0,0,0,1,1.151,0.3,0.1,0,1
0,0,0,1,1.151,0.3,0.1,0,1
0,0,0,1,1.151,0.3,0.1,0,1
0,0,0,1,1.151,0.3,0.1,0,1
0,0,0,1,1.151,0.3,0.1,0,1
0,0,1,0,1.151,0.4,0.1,0,1
0,0,1,0,1.151,0.4,0.1,0,1
0,0,1,0,1.151,0.4,0.1,0,1
0,0,1,0,1.151,0.4,0.1,0,1
0,0,1,0,1.151,0.4,0.1,0,1
0,0,1,0,1.151,0.4,0.1,0,1
0,0,1,0,1.151,0.4,0.1,0,1
0,0,0,1,0.98,0.4,0.1,0,1
0,1,0,0,0.947,0.4,0.1,0,1
0,0,1,0,1.151,0.4,0.1,0,1
0,0,1,0,1.151,0.4,0.1,0,1
0,0,1,0,1.151,0.4,0.1,0,1
0,0,1,0,1.151,0.4,0.1,0,1
0,0,1,0,1.151,0.4,0.1,0,1
0,0,1,0,1.151,0.4,0.1,0,1
0,0,1,0,1.151,0.4,0.1,0,1
0,0,1,0,1.151,0.4,0.1,0,1
0,0,1,0,1.151,0.5,0.2,0,1
0,0,1,0,1.151,0.5,0.2,0,1
0,0,1,0,1.151,0.5,0.2,0,1
0,0,1,0,1.151,0.5,0.2,0,1
0,0,1,0,1.151,0.5,0.2,0,1
0,0,1,0,1.151,0.5,0.2,0,1
0,0,1,0,1.151,0.5,0.2,0,1
0,1,0,0,0.91,0.8,0.3,0,1
0,1,0,0,0.921,0.7,0.3,0,1
0,1,0,0,0.885,0.7,0.3,0,1
0,0,1,0,1.151,0.4,0.1,0,1
0,0,1,0,1.151,0.4,0.1,0,1
0,0,1,0,1.151,0.4,0.1,0,1
0,0,1,0,1.151,0.4,0.1,0,1
0,0,1,0,1.151,0.4,0.1,0,1
0,0,1,0,1.151,0.4,0.1,0,1
0,0,1,0,1.151,0.4,0.1,0,1
0,0,1,0,1.095,0.4,0.1,0,1
0,1,0,0,0.885,0.4,0.1,0,1
0,0,1,0,1.151,0.4,0.2,0,1
0,0,1,0,1.151,0.4,0.2,0,1
0,0,1,0,1.151,0.4,0.2,0,1
0,0,1,0,1.151,0.4,0.2,0,1
0,0,1,0,1.151,0.4,0.2,0,1
0,0,1,0,1.151,0.4,0.2,0,1
0,0,1,0,1.151,0.4,0.1,0,1
0,0,1,0,1.151,0.4,0.1,0,1
0,0,1,0,1.151,0.4,0.1,0,1
0,0,1,0,1.151,0.4,0.1,0,1
0,0,1,0,1.151,0.4,0.1,0,1
0,0,1,0,1.151,0.5,0.2,0,1
0,0,1,0,1.151,0.5,0.2,0,1
0,0,1,0,1.151,0.5,0.2,0,1
0,0,1,0,1.151,0.5,0.2,0,1
0,0,1,0,1.151,0.5,0.2,0,1
0,0,1,0,1.151,0.5,0.2,0,1
0,0,1,0,1.151,0.5,0.2,0,1
0,0,1,0,1.151,0.5,0.2,0,1
0,0,1,0,1.151,0.6,0.4,0,1
0,0,1,0,1.151,0.6,0.4,0,1
0,0,1,0,1.151,0.6,0.4,0,1
0,0,1,0,1.151,0.6,0.4,0,1
0,0,1,0,1.151,0.6,0.4,0,1
0,0,1,0,1.151,0.6,0.4,0,1
0,0,1,0,1.151,0.6,0.4,0,1
0,0,1,0,1.151,0.6,0.4,0,1
0,0,1,0,1.151,0.6,0.4,0,1
0,0,1,0,1.151,0.6,0.4,0,1
0,0,1,0,0.966,0.6,0.4,0,1
0,1,0,0,0.91,0.7,0.3,0,1
0,1,0,0,0.939,0.8,0.3,0,1
0,0,1,0,1.151,0.5,0.3,0,1
0,0,1,0,1.151,0.5,0.3,0,1
0,0,1,0,1.151,0.5,0.3,0,1
0,0,1,0,0.76,0.5,0.3,0,1
0,0,1,0,1.151,0.5,0.3,0,1
0,0,1,0,1.151,0.5,0.3,0,1
0,0,1,0,1.151,0.5,0.3,0,1
0,0,1,0,1.151,0.5,0.3,0,1
0,0,1,0,0.99,0.5,0.3,0,1
0,0,1,0,1.151,0.5,0.3,0,1
0,0,1,0,1.151,0.5,0.3,0,1
0,0,1,0,0.765,0.5,0.3,0,1
0,0,1,0,0.921,0.4,0.1,0,1
0,0,1,0,0.968,0.4,0.1,0,1
0,0,1,0,1.1,0.4,0.1,0,1
0,0,1,0,0.98,0.4,0.1,1,1
0,0,1,0,1.151,0.4,0.1,0,1
0,0,1,0,1.151,0.5,0.4,0,1
0,0,1,0,1.151,0.5,0.4,0,1
0,0,1,0,1.151,0.5,0.4,0,1
0,0,1,0,1.151,0.5,0.4,0,1
0,0,1,0,1.151,0.5,0.4,0,1
0,0,1,0,1.151,0.5,0.4,0,1
0,0,1,0,1.08,0.5,0.4,0,1
0,0,1,0,1.06,0.4,0.1,0,1
0,0,1,0,1.06,0.4,0.1,0,1
0,0,1,0,0.947,0.4,0.1,0,1
0,0,1,0,0.947,0.4,0.1,1,1
0,0,1,0,1.151,0.4,0.1,0,1
0,0,1,0,1.151,0.4,0.1,0,1
0,0,1,0,1.151,0.4,0.1,0,1
0,0,1,0,1.151,0.4,0.1,0,1
0,0,1,0,1.151,0.4,0.1,0,1
0,0,1,0,1.017,0.4,0.1,0,1
0,0,1,0,0.962,0.3,0.1,1,1
0,0,1,0,1.057,0.3,0.1,0,1
0,0,1,0,1.151,0.5,0.3,0,1
0,0,1,0,1.099,0.5,0.3,0,1
0,0,1,0,0.939,0.5,0.3,1,1
0,0,1,0,1.151,0.5,0.3,0,1
0,0,1,0,1.049,0.5,0.3,0,1
0,1,0,0,0.87,0.6,0.3,1,1
0,0,1,0,1.151,0.5,0.3,0,1
0,0,1,0,1.151,0.5,0.3,0,1
0,0,0,1,0.939,0.5,0.3,1,1
0,0,1,0,1.151,0.5,0.3,0,1
0,0,1,0,1.151,0.5,0.3,0,1
0,0,1,0,1.151,0.5,0.3,0,1
0,0,1,0,1.151,0.5,0.3,0,1
0,0,1,0,1.151,0.5,0.3,0,1
0,0,1,0,1.004,0.5,0.3,0,1
0,0,1,0,1.151,0.4,0.2,0,1
0,0,1,0,1.151,0.4,0.2,0,1
0,0,1,0,1.151,0.4,0.2,0,1
0,0,1,0,1.151,0.4,0.2,0,1
0,0,1,0,1.151,0.4,0.2,0,1
0,0,1,0,1.151,0.4,0.2,0,1
0,0,1,0,1.151,0.4,0.2,0,1
0,0,1,0,1.151,0.4,0.2,0,1
0,0,1,0,1.151,0.4,0.2,0,1
0,0,1,0,1.151,0.4,0.2,0,1
0,0,1,0,1.151,0.4,0.2,0,1
0,0,1,0,1.151,0.4,0.2,0,1
0,0,1,0,1.151,0.4,0.2,0,1
0,0,1,0,1.151,0.4,0.2,0,1
0,0,1,0,1.088,0.4,0.2,0,1
0,0,0,0,1.116,1.1,0.7,0,1
0,0,0,0,0.921,1.1,0.5,0,1
0,0,0,0,0.939,1.1,0.6,0,1
0,0,0,0,1.151,1.1,0.6,0,1
0,0,0,0,0.955,1.1,0.7,0,1
0,0,0,0,1.031,1.1,0.6,0,1
0,0,0,0,0.91,1.1,0.5,0,1
0,0,0,0,0.955,1.1,0.4,0,1
0,0,0,0,0.885,1.1,0.2,0,1
0,0,0,0,0.87,1,0.2,0,1
0,0,0,0,0.936,1,0.2,0,1
0,0,0,0,0.931,1.1,0.6,0,1
0,0,0,0,0.868,1,0.2,0,1
0,0,0,0,0.98,1.1,0.3,0,1
0,0,0,0,0.91,1.1,0.3,1,1
