ID,FREQ,LENGTH,INCLANES,DECLANES,WIDTH,MIMEDSH,MXMEDSH,SPEED,URB,FC,AADT,SINGLE,DOUBLE,TRAIN,PEAKHR,GRADEBR,MIGRADE,MXGRADE,MXGRDIFF,TANGENT,CURVES,MINRAD,ACCESS,MEDWIDTH,FRICTION,ADTLANE,SLOPE,INTECHAG,AVEPRE,AVESNOW,LOWPRE,GBRPM,EXPOSE,INTPM,CPM,HISNOW
1,1,0.64,2,2,48,4,4,55,0,1,3347,10,5.3,1.1,10.1,2,-1.8,-2.9,0.7,0.39,2,1400,1,4,53.5,837,2,0,9.94,54.33,0,1.898734177,1.881852838,0.632911392,1.265822785,0
2,4,1.44,2,2,46,0,4,55,0,1,3347,10,5.3,1.1,10.1,2,-1.46,-2.5,0.74,0.22,4,1433,1,5,54,837,2,0,9.94,54.33,0,1.693548387,3.02187442,0.322580645,0.725806452,1
3,2,1.07,2,2,48,0,0,55,0,1,12598,5,6,1,8.73,2,-1.85,3.15,6.16,0.54,1,5730,1,1,52.5,3150,0,0,2.39,6.35,0,0.531914894,1.041219294,1.063829787,0.531914894,1
4,1,1.1,2,2,48,0,0,55,0,1,12598,5,6,1,8.73,2,0.05,-3.14,3.19,1.34,2,5730,1,1,52.3,3150,0,0,2.39,6.35,0,9.433962264,0.114750671,1.886792453,0.943396226,0
5,0,0.71,2,2,48,0,0,55,0,1,13946,5,6,1,8.87,0,-0.26,-0.5,0.17,0.16,2,1637,1,1,52.3,3487,0,0,0.92,1.25,0,0.666666667,0.944749575,1.333333333,1.333333333,1
6,36,5.69,2,2,48,4,4,55,0,1,13629,3.6,2.3,0.6,9,7,-0.2,-3.45,4.61,1.93,6,3200,1,4,46.2,3407,0,0,1.63,4.16,0,1.739130435,0.63227782,0.869565217,1.739130435,1
7,4,1.3,2,2,62,4,4,55,0,1,11699,3.6,2.3,0.6,9.48,4,0.38,4.05,3.67,0.22,2,7640,1,4,46,2925,0,0,2.43,6.78,0,1.675977654,0.94108534,0,1.117318436,0
8,2,1.37,2,2,48,4,4,55,0,1,8116,4.5,2.3,1.1,8.24,3,0.5,-1.8,3.57,0.5,4,2200,1,5,54.5,2029,0,0,2.43,6.78,0,1.333333333,0.873552675,0.666666667,0.666666667,0
9,12,2.41,2,2,48,4,4,55,0,1,8116,4.5,2.3,1.1,8.24,5,0.5,4.78,5.93,0.09,8,1800,1,2,55.8,2029,0,0,2.43,6.78,0,1.117318436,1.925500852,0.558659218,1.117318436,1
10,2,1.63,2,2,48,4,4,55,0,1,8116,4.5,2.3,1.1,8.24,3,-0.52,-2.74,2.22,0.16,4,1800,1,2,56,2029,0,0,2.43,6.78,0,3.041825095,0.848423009,0.380228137,1.520912548,1
11,14,2.22,2,2,48,4,4,55,0,1,37106,4.1,3.7,1.1,9.6,3,-0.52,-1.82,2.98,0.77,3,1920,2,3,53.8,9277,2,2,5.22,1.09,0,1.98019802,0.482533358,0.99009901,0.99009901,0
12,1,0.87,2,2,48,4,4,55,0,1,39453,4.1,3.7,1.1,8.82,3,1,-2.72,4.24,0.5,2,2000,2,5,53,9863,2,1,5.22,1.09,1,1.450777202,0.83998618,0.155440415,0.466321244,1
13,20,1.16,2,2,48,4,4,55,0,1,29370,4.1,3.7,1.1,10.5,2,0.22,-4.51,5.3,0.07,1,1800,2,2,51.5,7343,0,2,5.22,1.09,0,1.707317073,0.9676369,0.365853659,0.853658537,1
14,14,2.11,3,3,72,4,4,55,0,1,31194,4.1,3.7,1.1,9.8,5,0.22,2.92,2.29,0.32,3,4000,2,3,51.3,5199,1,2,5.22,1.09,0,1.360544218,0.621780968,0.680272109,1.360544218,1
15,26,1.7,2,2,48,6,6,55,1,5,34738,3.39,7.33,2.42,10.8,3,0.37,3.54,3.04,0.17,0,0,2,3,47.8,8685,0,2,3.18,0.67,0,1.530612245,0.571232592,0.510204082,1.530612245,0
16,11,1.52,3,3,72,6,6,65,1,5,51784,3.39,7.33,2.42,10.8,3,1,-2.43,4.07,2.14,0,0,2,3,45.5,8631,0,1,3.18,0.67,0,1.034482759,0.25245225,0.517241379,1.034482759,1
17,25,3.24,3,3,72,6,6,65,0,5,48307,4.7,12.1,4.2,10.8,9,0.16,1.7,3,4.91,1,11460,2,5,47.2,8051,0,1,3.18,0.67,0,1.474201474,1.147676508,0.491400491,0.491400491,0
18,10,0.85,3,3,72,6,6,65,0,5,46886,4.7,12.1,4.2,10.8,1,0.51,-2.82,3.33,3.33,0,0,2,5,45,7814,1,1,3.18,0.67,0,1.322751323,0.878151456,0.264550265,0.529100529,1
19,12,1.17,3,3,72,6,6,65,0,5,46307,4.7,12.1,4.2,10.8,3,0.35,-1.73,2.37,0.18,2,2083,2,3,45,7718,0,0,6.14,0,0,0.301204819,0.610274598,0.903614458,0.301204819,0
20,2,0.7,3,3,84,6,6,65,0,5,46307,4.7,12.1,4.2,10.8,2,-0.01,-1.04,1.03,0.4,0,0,2,3,45,7718,0,0,6.14,0,0,2.074688797,0.74330425,0,0.20746888,0
21,11,1.3,3,3,72,6,6,65,0,5,43706,6.8,12.8,4.1,10.8,2,0.5,-1.92,2.42,0.34,1,5730,2,5,48.5,7284,1,1,6.14,0,0,1.333333333,0.3943095,0,0,0
22,6,0.53,3,3,72,6,6,65,0,5,43706,6.8,12.8,4.1,10.8,2,0.35,-0.96,1.31,1.39,1,22918,2,5,49.5,7284,2,1,6.14,0,0,1.435406699,1.081522959,0.4784689,1.196172249,0
23,1,0.52,3,3,72,6,6,65,0,5,45088,6.8,12.8,4.1,10.8,3,0.31,-1.58,1.15,1.16,1,3820,2,5,49.5,7515,0,1,6.14,0,0,1.25,0.42393436,1.25,1.25,0
24,6,1.05,3,3,72,6,6,65,0,5,45088,6.8,12.8,4.1,10.8,1,0,-3,3,0.12,2,2865,2,3,49.5,7515,0,0,6.14,0,1,1.856148492,0.363492039,0.464037123,1.856148492,0
25,2,0.91,3,3,72,6,6,65,0,5,45088,6.8,12.8,4.1,10.8,1,0,-0.54,0.54,0.28,2,5730,2,5,51.5,7515,1,0,6.14,0,0,3.349282297,0.203673322,1.435406699,2.392344498,1
26,16,1.17,3,3,88,6,6,65,0,5,48673,6.8,12.8,4.1,10.8,1,0,-0.54,0.54,0.15,0,0,2,4,50.5,8112,0,1,6.14,0,1,1.318681319,0.714355005,0.43956044,1.098901099,0
27,0,2.72,3,3,72,6,6,65,0,5,40503,4.2,14.6,3.4,10.8,6,0,-1.04,1.97,1.38,5,4000,2,2,48.5,6751,0,0,4.66,0.88,0,2.027027027,0.553099976,0.337837838,0.675675676,0
28,0,0.61,3,3,72,6,6,65,1,5,40503,4.2,14.6,3.4,10.8,1,0,0.5,0.83,0.11,2,11459,2,2,48.5,6751,0,1,4.66,0.88,1,0.869565217,0.799749675,0.173913043,1.217391304,0
29,4,0.91,3,3,72,5,5,65,1,5,40503,4.2,14.6,3.4,10.8,2,0.3,-1.09,1.59,0.28,2,2000,2,3,48.5,6751,0,1,4.66,0.88,0,3.260869565,0.176251346,1.086956522,2.173913043,1
30,5,0.57,3,3,88,6,6,65,1,5,33651,8,17,7,12.3,2,0.01,0.89,1.76,0.07,1,2076,2,3,50.5,5609,0,0,4.66,0.88,1,1.931330472,0.601693375,0.643776824,1.502145923,0
31,14,1.66,4,3,84,5,6,65,1,5,38934,7,15.6,5.5,12.3,5,-0.88,3.5,6.4,0.44,3,2700,2,5,53,5562,2,1,4.66,0.88,0,0.787401575,0.221702059,1.57480315,1.57480315,0
32,22,2.75,3,3,88,6,10,65,1,5,41548,5,13.7,4.7,12.3,5,0.6,-2.9,3.5,0.15,3,5600,2,5,46.8,6925,0,1,4.66,0.88,0,1.230228471,0.283053887,0,1.054481547,1
33,12,2.31,3,3,72,6,10,65,0,5,37617,5,13.7,4.7,12.3,5,0.52,-4.5,7.4,0.5,3,3400,2,5,45,6270,2,2,4.66,0.88,0,2.158273381,0.336099081,0.71942446,0,0
34,14,3.06,3,3,88,6,10,65,0,5,45929,4.2,11.7,3.4,12.3,6,-0.5,-3.16,6.08,0.29,4,10000,2,5,45.4,7655,0,2,4.66,0.88,0,0.279329609,0.32706701,0,1.117318436,0
35,16,2.3,2,2,48,3,4,65,1,5,46361,5.55,11.82,4.07,10.9,0,0,0.53,0.23,0.19,0,0,2,2,44.3,11590,0,0,5.1,0,0,1.272264631,0.304648491,0,1.272264631,1
36,18,2.41,2,2,48,4,4,65,1,5,46361,5.55,11.82,4.07,10.9,2,-0.12,0.42,0.92,0.13,0,0,2,2,49,11590,0,1,5.1,0,1,1.06870229,0.55188073,0.076335878,0.763358779,1
37,48,4.82,2,2,48,4,4,65,1,5,42250,4.95,12.83,4.26,10.9,10,-0.03,-3,5.79,2.75,1,5730,2,2,50.5,10563,0,0,5.1,0,0,1.639344262,0.642449896,0.468384075,0.93676815,0
38,17,5.78,2,2,48,0,4,65,1,5,45658,4.19,11.66,3.82,10.9,6,0,-3,5.79,2.62,3,5730,2,2,48.6,11415,0,2,5.28,2.63,0,1.485148515,0.361594039,0.495049505,1.485148515,0
39,26,2.81,3,3,72,6,6,55,0,5,81624,3.58,7.84,2,9.7,6,0.23,3,2.44,0.96,3,2300,2,5,42.8,13604,1,1,5.28,2.63,1,0.860832138,0.880292181,0.286944046,1.147776184,0
40,10,1.33,3,3,72,6,6,55,0,5,73368,3.4,6.85,1.65,9.7,2,0.23,-3,4.7,0.42,2,4500,2,2,41.5,12228,0,1,5.28,2.63,0,4.807692308,0.698737312,0.240384615,0.721153846,1
41,9,0.67,3,3,72,6,6,55,1,5,82113,3.35,6.87,1.65,9.7,0,2.77,3.01,0.24,0.43,2,2900,2,5,43.5,13686,0,1,5.28,2.63,0,0,0.332985485,1.886792453,1.886792453,0
42,140,3.16,4,4,96,10,10,55,0,5,163157,3.3,4.6,0.7,8.6,6,0,-3.29,2.34,0.1,4,2084,2,3,53,20395,0,2,3.91,0,0,1.655629139,0.309261288,0.331125828,1.324503311,0
43,11,0.6,4,4,96,10,10,55,1,5,144040,3.3,4.6,0.7,8.6,0,3.02,3.02,0,0,2,7640,2,5,42.5,18005,1,0,4.03,0,0,5.063291139,0.164353733,1.265822785,1.265822785,1
44,80,1.79,4,4,96,10,10,55,1,5,144040,3.3,4.6,0.7,8.6,3,-0.6,3.02,3.2,0.59,2,7640,2,5,44.8,18005,2,0,4.03,0,1,1.047120419,0.546677144,0.065445026,1.897905759,0
45,48,0.75,4,4,96,10,10,55,1,5,144040,3.3,4.6,0.7,8.6,1,-0.6,1.4,2,0.77,0,0,2,5,44.8,18005,2,0,4.03,0,0,0.81300813,0.235927715,0.81300813,2.43902439,0
46,65,1.01,4,4,96,10,10,55,1,5,130892,3.7,3.8,1.2,8.5,2,1.07,-1.8,2.87,1.45,1,11460,2,5,42.5,16362,1,1,4.03,0,1,1.203369434,0.450938411,0.240673887,0.962695548,0
47,25,0.99,4,4,96,10,10,55,1,5,145183,2.8,3.8,0.7,8.5,1,-1.5,1.8,3.3,0.24,1,5730,2,5,41,18148,0,0,4.32,0.06,0,1.740812379,0.312287905,0,2.127659574,0
48,47,0.8,4,4,121,3,10,55,1,5,145183,2.8,3.8,0.7,8.5,1,1.09,-3,4.09,0.68,1,5730,2,5,41,18148,2,1,4.32,0.06,0,2.688172043,0.206025783,1.075268817,2.150537634,1
49,69,1.5,4,4,96,3,10,55,1,5,159553,2.8,3.8,0.7,8.5,2,0.48,3,5.7,1.09,1,11460,2,5,41.5,19944,2,1,4.32,0.06,0,4.054054054,0.153951598,2.702702703,2.702702703,1
50,97,1.5,4,4,96,3,10,55,1,5,172557,2.4,3.3,0.6,8.5,1,-0.44,-3.99,3.51,0.28,2,5730,2,5,40.5,21570,3,2,3.73,1.13,0,1.538461538,0.248728155,0.512820513,1.538461538,1
51,29,0.53,3,3,72,0,10,55,1,5,172130,2.5,1.9,0.3,7.9,0,-0.96,-1.17,0.21,0.41,1,11459,2,1,42,28688,0,1,3.21,0.55,1,1.238556812,0.633408773,0,0.538502962,0
52,81,1.15,3,3,72,7,15,55,1,5,150632,2.1,2.4,0.4,7.9,2,-0.55,-2.76,2.35,0.51,2,2865,2,5,50.5,25105,3,1,3.37,1.12,0,1.530612245,0.32768897,1.020408163,1.530612245,0
53,133,1.88,3,3,72,7,10,55,1,5,151737,2.1,2.4,0.4,7.9,1,-0.5,2.2,2.95,1.59,1,2865,2,5,50.5,25290,2,2,3.37,1.12,0,1.764705882,0.21554929,1.176470588,0,0
54,69,3.58,3,3,72,7,10,55,1,5,147356,3.5,3.5,0.7,8.6,4,-0.5,-2.58,2.08,0.92,4,2456,2,5,44.8,24559,1,2,3.37,1.12,0,2.135231317,0.837176556,0.355871886,1.067615658,1
55,19,0.91,3,3,72,6,6,55,1,5,101645,3.1,4.3,1,8.6,4,0,-2.06,2.27,0.07,2,20000,2,2,57.5,16941,0,1,3.62,0,0,0.983606557,0.590801775,0.327868852,0.983606557,0
56,50,4.07,3,3,88,6,6,55,1,5,77256,4.3,7.1,1.5,9.8,6,0,2.97,3.98,0.16,2,30000,2,2,54.8,12876,0,2,3.62,0,0,2.777777778,0.571278582,0.308641975,0.308641975,0
57,49,3.78,3,3,88,6,6,65,0,5,63648,4.3,7.1,1.5,9.8,5,0,-2.95,2.95,0.66,2,3820,2,2,53.5,10608,0,1,4.92,1.12,0,1.01010101,0.524618771,0,1.01010101,0
58,18,1.36,3,3,88,6,6,65,0,5,58548,4.3,7.1,1.5,9.8,1,0,2.9,2.2,0.05,1,3200,2,2,54.3,9758,0,1,4.92,1.12,0,2.068965517,0.412846755,0.689655172,2.068965517,0
59,14,1.08,3,3,72,6,6,65,0,5,54521,4.3,7.1,1.5,9.8,1,-2,2.9,4.9,0.56,1,6000,2,5,48,9087,1,1,4.92,1.12,0,0.81300813,0.283076444,0.81300813,1.62601626,0
60,6,0.86,3,3,99,6,6,65,0,5,54521,4.3,7.1,1.5,9.8,2,0.5,3.62,5.62,0.51,1,6000,2,5,45,9087,0,1,4.92,1.12,0,1.57480315,0.296199179,0.787401575,1.57480315,0
61,6,0.94,3,3,72,6,6,65,0,5,52011,4.3,7.1,1.5,9.8,1,1.43,2.2,0.51,0.44,2,5000,2,5,53,8669,0,1,4.92,1.12,0,1.265822785,0.180933858,0.632911392,0.632911392,1
62,18,2.36,3,3,72,6,6,65,0,5,52011,4.3,7.1,1.5,9.8,5,0.54,2.05,3.05,0.53,2,5730,2,5,49.8,8669,1,2,4.92,1.12,0,3.703703704,0.293901723,0,3.703703704,1
63,11,1.69,3,3,72,6,6,65,0,5,42803,5.04,7.59,1.81,9.8,4,-0.5,-1.73,2.56,0.56,2,16000,2,5,51.5,7134,0,1,4.92,1.12,0,0,0.099489729,1.960784314,3.921568627,0
64,34,4.27,3,3,72,6,6,65,0,5,41221,5.04,7.59,1.81,9.8,7,0,-3.95,2.93,1.54,4,3885,2,5,54.8,6870,0,2,3.93,0,0,1.860465116,0.266202895,0.465116279,1.395348837,1
65,2,2.88,3,3,72,4,6,65,0,5,41964,5.04,7.59,1.81,9.8,1,0,0.47,0.48,0.64,2,4500,2,4,55.8,6994,0,2,3.93,0,0,1.818181818,0.41703805,0.363636364,1.090909091,0
66,18,1.53,3,2,60,4,6,65,0,5,43180,5.04,7.59,1.81,9.8,0,0.12,0.2,0.08,2.49,3,2865,2,2,59.3,8636,0,1,3.93,0,0,1.865671642,0.205607858,0.373134328,0.746268657,1
67,6,0.66,2,2,48,4,4,65,1,5,46975,5.04,7.59,1.81,9.8,0,0.2,-0.21,0.41,1.41,0,0,2,2,47.5,11744,1,1,3.93,0,0,1.435406699,0.160694353,0.4784689,0.956937799,1
68,24,2.54,2,2,48,4,4,65,0,5,31949,5.4,8.1,1.8,9.7,4,0.02,2.99,2.45,1.2,4,2547,2,2,49.7,7987,0,2,3.93,0,0,1.062215478,0.418603061,0.151745068,1.365705615,1
69,6,0.69,2,2,48,4,4,65,0,5,28056,4.8,7.1,1.7,9.7,1,1.4,1.91,0.51,1.54,1,7640,2,2,49.7,7014,0,0,3.93,0,0,1.724137931,0.12435258,1.724137931,0.862068966,1
70,29,3.02,2,2,48,4,4,65,0,5,28056,4.8,7.1,1.7,9.7,5,0.5,3,3.9,0.41,4,2865,2,5,50.3,7014,0,1,3.93,0,0,1.831501832,0.213569129,0.366300366,1.465201465,1
71,17,0.53,2,2,48,4,4,65,0,5,32896,4.8,7.1,1.7,9.7,0,3,3,0,0.59,1,1763,2,2,52,8224,0,1,3.8,1.2,1,1.346153846,0.31178446,0.192307692,0.961538462,0
72,46,2.09,2,2,48,4,4,55,1,5,26699,4.8,7.1,1.7,9.7,7,-0.1,-4,4.53,0.63,5,1910,2,2,46.5,6675,0,3,3.8,1.2,0,4.395604396,0.337613868,1.098901099,2.197802198,0
73,29,0.79,2,2,55,4,4,55,1,5,56998,3,5.3,1.2,9.7,4,-0.5,-2,2.6,0.48,1,2865,2,2,42,14250,0,1,3.8,1.2,0,6.504065041,0.195993612,1.62601626,1.62601626,1
74,27,0.74,2,2,48,4,4,55,1,5,56998,3,5.3,1.2,9.7,3,1,-2,3.03,0.44,2,1910,2,2,42,14250,1,2,3.8,1.2,0,1.538461538,0.084131223,1.538461538,3.076923077,1
75,19,1.23,2,2,48,4,4,55,1,5,43656,3,5.3,1.2,9.7,8,0.5,-2.32,3.92,0.01,2,1910,2,2,43.5,10914,1,2,3.8,1.2,0,1.843317972,0.25629946,0.921658986,1.382488479,1
76,30,4.16,2,2,48,4,4,55,1,5,46018,3,5.3,1.2,9.7,20,0.01,-3.8,5.54,0.02,3,4584,2,5,45.1,11505,0,1,3.8,1.2,0,2.597402597,0.099199408,1.298701299,2.597402597,1
77,19,0.65,2,2,48,4,4,65,1,5,35461,3,5.3,1.2,9.7,1,0,-0.51,0.51,0.04,2,5730,2,2,40.5,8865,0,1,3.8,1.2,0,1.282051282,0.128069448,0.641025641,0.641025641,1
78,19,2.17,2,2,48,4,4,65,1,5,32359,3,5.3,1.2,9.7,4,0.16,-1.53,1.25,0.62,3,2292,2,2,50.5,8090,0,2,3.8,1.2,1,1.475237092,0.297267607,0.105374078,0.105374078,0
79,58,8.2,2,2,48,4,4,65,0,5,32330,3,5.3,1.2,9.7,14,0,-1.2,1.2,0.17,7,7640,2,5,50,8083,0,3,3.8,1.2,0,0.829875519,0.407814537,0.414937759,0,0
80,14,2.27,2,2,48,4,4,65,0,5,19493,3.96,7.14,1.49,10.3,7,-0.55,1.8,3.08,0.13,5,2865,2,2,47.8,4873,0,2,4.14,2.59,0,0.735294118,0.290632272,0.735294118,0.735294118,1
82,17,3,2,2,48,4,4,55,1,1,14472,5.3,3.59,1.02,9.51,6,0.29,2.6,4.53,1.08,4,1433,1,2,51.8,3618,0,0,6.74,0.04,0,2.118644068,0.448022754,0.847457627,0.847457627,1
83,15,5.67,2,2,48,4,4,55,1,1,14472,5.3,3.59,1.02,9.51,12,0,3.02,3.02,0.75,5,1433,1,2,51.3,3618,1,0,6.74,0.04,0,0,0.24113871,0.653594771,1.960784314,0
84,2,0.72,2,2,48,4,4,55,1,1,11626,5.1,3.6,1.1,9.4,2,0.34,1.01,0.67,0.91,2,5730,1,5,48.5,2907,0,0,6.33,0,0,1.495726496,0.223569216,0.213675214,1.923076923,0
85,4,0.53,2,2,48,4,4,55,1,1,11626,5.1,3.6,1.1,9.4,0,0.59,0.84,0.25,0.02,2,5730,1,3,52.5,2907,0,0,6.33,0,0,1.567398119,0.351773422,0.313479624,2.821316614,0
86,11,2.47,2,2,48,4,4,55,1,1,12602,5.1,3.6,1.1,9.3,6,-0.38,3.08,3.85,0.25,4,1433,1,5,49,3151,0,0,6.33,0,0,1.038062284,0.963246826,0.346020761,0.519031142,1
87,16,3.12,2,2,48,4,4,55,1,1,13263,5.1,3.6,1.1,8.3,11,0.29,3.28,3.92,0.86,7,1910,1,2,50.7,3316,0,0,6.33,0,0,0,0.063637312,1.886792453,1.886792453,1
88,7,1.6,2,2,48,4,4,55,1,1,14519,5.1,3.6,1.1,8,4,0.43,-3.96,2.68,1.02,4,1433,1,2,51,3630,0,0,6.33,0,0,2,0.1584684,0,1.333333333,0
89,6,1.12,2,2,48,4,4,55,1,1,13812,5.1,3.6,1.1,8.5,2,-0.4,-3.96,1.68,0.52,3,1910,1,5,53,3453,0,0,6.33,0,1,0.708215297,0.274233698,0.141643059,0.141643059,1
90,5,0.9,2,2,48,4,4,55,1,1,13812,5.1,3.6,1.1,8.5,1,-0.43,-3.96,3.29,0.34,1,1910,1,2,52,3453,0,0,5.28,2.63,0,2.896995708,0.16345649,0,1.502145923,1
91,18,4.68,2,2,48,4,10,55,1,1,13088,7,4.9,1.5,8.8,7,0,-2.9,2.9,0.06,9,2000,2,2,53.2,3272,0,1,6.74,0.04,0,2.941176471,0.206693514,0.980392157,1.960784314,0
92,16,4.72,2,2,48,4,4,55,1,1,17022,7,4.9,1.5,7.8,3,0,3.02,3.02,0.18,7,1910,2,2,55,4256,0,1,6.74,0.04,0,0.854700855,0.207858047,0.854700855,0,0
93,4,2.27,2,2,48,3,4,55,0,1,7470,4.96,3.13,1.29,9.44,0,-0.32,-0.79,0.47,0.01,3,2100,1,5,48.2,1868,0,0,0.51,0.28,0,0,0.389200595,0,0,0
94,3,0.61,2,2,50,4,4,55,0,1,6224,5,3.1,1.3,9.24,0,-0.45,-0.91,0.44,0.37,2,1916,1,5,48.2,1556,0,0,0.51,0.28,0,3.525641026,0.151039044,0,2.243589744,0
95,7,3.85,2,2,50,4,4,55,0,1,6224,5,3.1,1.3,9.24,0,-0.29,-0.82,0.49,0.89,6,1500,1,4,52.1,1556,0,0,0.51,0.28,0,0.63559322,0.293255016,0.211864407,1.483050847,0
96,9,0.97,2,2,50,4,4,55,0,1,9272,3.72,2.33,0.56,9.4,2,-0.46,-1.11,1.19,0.2,1,22920,1,2,54.5,2318,0,0,0.51,0.28,0,2.105263158,0.45941601,1.052631579,1.052631579,0
97,7,1.96,2,2,50,4,4,55,1,1,16428,3.3,3,1,8.6,2,-0.49,2.77,3.26,0.4,3,2800,2,4,51.8,4107,0,2,0.51,0.28,1,1.015228426,0.230362049,0.338409475,0.676818951,1
98,11,2.84,2,2,48,4,10,55,1,1,24714,3.02,2.94,0.58,9.1,4,0,-1.35,1.34,0.02,0,0,2,2,46.8,6179,0,1,0.44,0,1,2.631578947,0.16024011,0,2.105263158,0
99,3,0.56,2,2,48,4,10,55,0,1,14126,5.5,3.3,1.4,8.61,2,0,-2.68,2.68,3.27,1,4000,1,2,52.5,3532,0,0,0.7,0.58,0,3.571428571,0.090042288,0,0.595238095,0
100,0,0.85,2,2,54,0,0,50,1,1,34868,2.2,1.8,0.5,8.9,2,0,0.7,0.7,0.45,2,5730,1,1,48.5,8717,0,1,3.18,0.67,0,2.116402116,0.299505276,0,0.881834215,0
101,11,0.5,2,2,48,4,4,55,0,1,61717,3.04,1.74,0.53,7.43,3,-0.72,-4.98,3.72,0.16,2,1952,2,3,46.5,15429,0,2,3.91,0,1,1.771117166,0.227884246,0.272479564,0.408719346,0
102,23,0.51,2,2,48,4,4,55,0,1,53446,3.04,1.74,0.53,7.3,0,-4.98,-4.98,0,0.48,2,1400,2,2,46.5,13362,0,1,3.91,0,0,1.351351351,0.300669918,0.900900901,1.351351351,1
103,36,1.39,2,2,48,4,4,55,0,1,66246,3.5,2.6,0.6,7.8,3,-0.8,2.38,2.46,0.07,0,0,2,3,51.5,16562,0,1,5.22,0.75,0,2.369668246,0.240240591,0.947867299,1.421800948,1
104,16,1.9,2,2,48,4,4,55,0,1,66246,3.5,2.6,0.6,7.8,4,0.6,-4.88,8.37,1.53,2,9923,2,4,51.8,16562,0,2,5.22,0.75,0,3.012048193,0.235901106,0.602409639,1.807228916,0
105,42,2.96,2,2,52,4,6,55,0,1,51194,3.5,2.6,0.6,8.79,6,0.86,-4.97,7.46,0.07,2,3077,2,4,50,12799,2,1,5.22,0.75,0,1.960784314,0.512981001,0.653594771,1.307189542,0
106,18,3.19,2,2,48,4,8,55,1,1,30212,3.3,3.37,0.76,7.97,5,0.48,-2.89,3.8,2.35,9,3077,2,4,50.6,7553,0,1,5.22,0.75,0,0.925925926,0.214921782,0.925925926,0.925925926,1
107,19,0.77,2,2,48,4,4,55,0,1,35296,3.89,3.02,0.63,7.6,2,-1.26,4.06,6.14,0.92,2,5000,2,4,50.6,8824,0,1,5.22,1.09,0,3.083700441,0.161509252,0.881057269,2.202643172,1
108,0,0.61,1,1,24,4,4,50,1,1,11209,3.51,2.84,0.72,8.63,0,2.56,2.56,0,0.05,0,0,1,1,60.5,5605,0,0,0.55,0.33,1,1.320132013,0.100575093,0.330033003,0.660066007,1
109,3,0.84,2,2,48,4,4,50,0,1,12857,3.51,2.84,0.72,8.65,1,0.92,3.82,2.9,0.71,1,21200,1,1,59,3214,0,0,0.55,0.33,0,0.458715596,0.24945195,0.458715596,1.376146789,1
110,9,0.66,2,2,48,4,4,55,1,1,21965,4.24,2.63,0.64,9.9,2,-1.58,3.44,5.02,0.28,1,1910,1,1,49.8,5491,0,0,3.29,0.38,1,0.447761194,0.202071665,0.149253731,0.447761194,1
111,10,0.73,2,2,48,4,4,55,1,1,22997,4.24,2.63,0.64,9.97,1,-1.58,6.05,7.63,0.6,1,2292,1,2,49.8,5749,0,0,3.29,0.38,0,3.448275862,0.117114557,1.724137931,1.724137931,0
112,12,0.94,2,2,48,4,4,55,0,1,23001,4.24,2.63,0.64,10.01,3,-3.08,6.05,9.13,0.92,3,2292,1,2,48,5750,1,0,3.29,0.38,1,1.041666667,0.170420544,0.520833333,0.78125,0
113,35,3.58,2,2,57,4,6,55,0,1,25030,4.24,2.63,0.64,9.4,1,0,-5,5,0.49,4,819,1,4,49.6,6258,1,0,3.93,0,0,0.966183575,0.203205173,0.483091787,0.966183575,1
114,12,4.51,1,1,24,0,0,35,1,2,9292,4.08,1.67,0.38,9.31,5,-0.12,-1.94,1.91,3.76,2,5730,0,1,51.3,4646,0,0,0.55,0.33,1,0.917431193,0.069432782,0.917431193,0.917431193,1
116,4,1.24,2,2,62,4,4,65,0,5,9876,5.1,13.6,3.14,12.3,1,2,5,3,0.63,3,3200,2,5,44,2469,2,0,0.69,0.55,0,2.074688797,0.071392394,0,3.319502075,1
117,3,2.07,2,2,48,4,4,65,0,5,10482,5.1,13.6,3.14,12.3,0,5,5,0,0.62,3,3200,2,5,44,2621,2,0,0.69,0.55,0,2.564102564,0.197754044,0,1.709401709,0
118,4,2.68,2,2,48,4,4,65,0,5,10955,5.1,13.6,3.14,12.3,5,0.8,-5,4.8,0.67,3,1800,2,5,47.3,2739,0,1,0.69,0.55,0,2.164502165,0.317167736,0.865800866,1.298701299,0
119,0,0.78,2,2,62,4,4,65,0,5,11705,4.4,12.9,3.2,12.3,0,5,5,0,0.79,3,1600,2,5,50.5,2926,1,0,0.69,0.55,0,3.191489362,0.078916431,0,3.191489362,0
120,8,2.47,2,2,48,4,4,65,0,5,11705,4.4,12.9,3.2,12.3,1,-4.8,5,9.8,1.22,3,3200,2,5,47,2926,0,0,0.69,0.55,1,1.10864745,0.152960258,0,0.44345898,0
121,5,1.01,2,2,48,4,4,65,0,5,11705,4.4,12.9,3.2,12.3,1,-1.7,4,5.7,1.52,1,3150,2,5,46.3,2926,2,0,0.51,0.28,1,1.360544218,0.339056676,0.22675737,0.907029478,0
122,6,0.56,2,2,48,4,4,65,0,5,11705,4.4,12.9,3.2,12.3,0,3.8,3.8,0,0.49,1,1800,2,5,44,2926,2,0,0.51,0.28,1,1.171875,0.152512768,0,0.390625,0
123,2,0.61,2,2,48,4,4,65,0,5,12159,4.4,12.9,3.2,12.3,0,-5,-5,0,1.27,1,4000,2,5,46.5,3040,3,0,0.51,0.28,1,1.937984496,0.116817885,0,1.162790698,1
124,2,1.02,2,2,48,4,4,65,0,5,12159,4.4,12.9,3.2,12.3,3,-1.55,-5,2.86,0.56,2,1600,2,5,61.5,3040,0,0,0.51,0.28,0,1.587301587,0.095420052,0,0,0
125,13,3.84,2,2,62,4,4,65,0,5,12159,4.4,12.9,3.2,12.3,4,-0.16,-3.97,2.3,0.04,3,1500,2,5,61,3040,0,2,0.51,0.28,0,2.98013245,0.122983611,0.331125828,0.993377483,0
126,6,1.35,2,2,48,4,4,65,0,5,16170,4.4,12.9,3.2,12.3,3,-0.08,-2.05,1.97,0.38,3,1146,2,3,56,4043,0,2,0.51,0.28,1,1.155115512,0.434173851,0.495049505,0.330033003,1
127,9,1.49,2,2,48,4,4,55,1,5,15830,4.76,9.73,2.77,8.6,5,0.8,3,5.92,0.39,3,2865,2,3,38.8,3958,0,1,0.51,0.28,0,1.973684211,0.287297632,0.657894737,0,0
128,1,0.57,2,2,48,4,4,55,1,5,30450,5.48,7.93,1.9,8.05,1,-0.11,1.5,1.86,0.38,0,0,2,3,38.8,7613,0,1,0.51,0.28,0,1.538461538,0.20738497,0.769230769,0.769230769,0
129,37,4.66,2,2,76,4,4,55,1,5,35375,4.54,6.54,1.74,12.08,9,0,-2.26,4.02,0.9,7,2865,2,2,43.6,8844,1,3,0.51,0.28,0,0,0.3154476,0,3.333333333,0
130,3,0.53,2,2,54,4,4,65,0,5,19776,3.5,7.5,2,10.5,2,-0.28,-0.97,0.68,0.19,1,1800,2,2,42,4944,1,0,0.51,0.28,0,2.366863905,0.264030306,0.591715976,1.183431953,1
131,6,1.2,2,2,48,4,4,65,0,5,19776,3.5,7.5,2,10.5,1,0.67,1.14,1.54,0.94,3,1800,2,5,45.5,4944,0,1,0.51,0.28,0,2.429149798,0.113613331,0,1.619433198,0
132,2,1.18,2,2,48,4,4,65,0,5,19776,3.49,7.53,1.95,10.5,1,1.14,-2.52,3.66,0.53,3,3000,2,5,46.5,4944,0,1,0.55,0.39,1,1.408450704,0.256185324,0.352112676,0,0
133,33,13.94,2,2,62,4,4,65,0,5,17301,3.8,8.43,2.68,10.5,12,-0.1,-2.52,3.27,0.15,16,2400,2,5,46.1,4325,1,4,0.55,0.39,0,6,0.112633525,4,4,0
134,10,2.85,2,2,62,4,4,65,0,5,14867,4.2,8.55,2.5,10.1,6,0.1,-1.69,2.53,0.31,3,4500,2,5,45.3,3717,0,1,0.58,0.19,0,2.721088435,0.178198986,0.680272109,2.040816327,1
135,28,8.31,2,2,62,4,4,65,0,5,14867,4.2,8.55,2.5,10.1,10,0.05,-3,3.16,0.75,8,2500,2,5,47,3717,0,2,0.38,0.17,1,0.838574423,0.134583165,0,0.419287212,0
136,9,3.78,2,2,48,4,4,65,1,5,12643,5.08,10.58,3.08,10.1,5,0,-2.73,2.66,1.08,5,2400,2,5,47,3161,0,1,0.38,0.17,1,1.373626374,0.16481283,0,0.274725275,1
137,4,1.6,2,2,48,4,4,65,0,5,12743,5,11.9,4.1,10.1,4,0.55,3,4.66,0.87,4,2600,2,5,50,3186,0,1,0.38,0.17,0,0.757575758,0.247158582,1.515151515,0.757575758,0
138,3,1.6,2,2,62,4,5,65,1,5,10285,4.98,11.92,4.1,10.1,2,0.69,1.65,1.73,0.1,1,5000,2,5,45.3,2571,0,1,0.38,0.17,0,2.830188679,0.120658634,0.943396226,2.830188679,1
139,7,4.06,2,2,48,5,5,65,0,5,11022,5,11.3,3.9,10.1,5,0.04,-3.47,5.12,0.09,4,2700,2,5,43.9,2756,0,1,0.38,0.17,0,1.176470588,0.145463815,1.176470588,0,0
140,10,3.47,2,2,48,4,5,65,0,5,11158,4.05,11.49,3.7,10.1,2,-0.6,-3.47,2.63,0.57,2,2800,2,5,48,2790,0,1,0.53,0,0,1.503759398,0.356164956,0.751879699,1.503759398,1
141,10,2.43,2,2,48,4,4,65,0,5,9156,1.95,10.76,2.85,11.6,4,-0.1,4.5,6.47,0.61,2,2200,2,5,52,2289,1,1,0.53,0,0,1.369863014,0.061275507,0,1.369863014,0
142,1,0.6,2,2,48,4,4,65,0,5,9426,1.95,10.76,2.85,11.6,1,-4.22,4.5,8.77,0.85,3,2600,2,5,52,2357,3,0,0.53,0,1,2.105263158,0.154653968,0.350877193,1.052631579,0
143,1,0.52,2,2,48,4,4,65,0,5,9426,1.95,10.76,2.85,11.6,0,-4.22,-4.22,0,0.64,1,2600,2,5,52,2357,2,0,0.53,0,1,0.576368876,0.141321649,0.288184438,0.576368876,0
144,6,1.88,2,2,48,4,4,65,0,5,9426,1.95,10.76,2.85,11.6,4,-0.41,-4.22,5.97,0.44,1,2600,2,5,54,2357,2,1,0.53,0,1,1.646090535,0.081209142,0.411522634,0.823045267,0
145,9,3.4,2,2,48,4,4,65,0,5,9426,1.95,10.76,2.85,11.6,5,-0.11,2.74,2.59,0.53,3,8000,2,2,46.8,2357,0,1,0.53,0,0,2.777777778,0.213530256,0,1.388888889,0
146,2,0.5,2,2,48,4,4,65,0,5,9426,1.95,10.76,2.85,11.6,0,1.2,1.39,0.19,0.95,2,5000,2,3,47,2357,2,0,0.53,0,1,0.896860987,0.139706378,0,0.448430493,0
147,4,3,2,2,48,4,4,65,0,5,9426,1.95,10.76,2.85,11.6,7,-0.89,-5.01,4.1,0.3,4,5000,2,5,44.3,2357,1,1,0.53,0,0,2,0.10937955,1,2,0
148,2,0.56,2,2,48,4,4,65,0,5,10679,1.95,10.76,2.85,11.6,1,0.29,-4.38,4.67,0.78,1,11000,2,3,53.5,2670,0,0,0.53,1.04,0,0,0.200807342,1.492537313,2.985074627,1
149,16,5.91,2,2,48,4,4,65,0,5,10679,1.95,10.76,2.85,11.6,6,0.43,4.9,4.32,1.33,4,2800,2,5,55.6,2670,0,2,0.53,1.04,1,2.06185567,0.032827516,0,1.030927835,0
150,3,1.96,2,2,62,4,4,65,0,5,11654,1.95,10.76,2.85,11.6,0,-0.5,-0.98,0.48,0,3,5500,2,5,51.8,2914,0,2,0.53,1.04,0,3.03030303,0.052913685,0,1.515151515,0
151,4,4.4,2,2,62,4,4,65,0,5,3917,4.4,14,1.8,11.6,4,-0.5,-3.75,7.43,0.36,2,5000,2,5,51.5,979,0,2,0.53,1.04,1,3.355704698,0.086091455,0.67114094,2.013422819,0
152,4,4.48,2,2,48,4,4,65,0,5,4661,4.44,13.99,1.81,11.6,5,0,3.68,3.68,1.65,2,4500,2,5,52.4,1165,0,2,0.53,1.04,1,1.322751323,0.174435471,0.264550265,1.322751323,0
153,14,3.03,2,2,48,4,4,65,0,5,9094,4.6,17.8,4.9,11.6,4,0.42,4,3.46,1.73,2,5000,2,5,50,2274,3,1,0.53,1.04,1,1.470588235,0.11697666,0.294117647,0.882352941,0
154,6,4.63,2,2,48,4,4,65,0,5,10532,4.6,17.8,4.9,11.5,6,-1.15,-3.94,5.25,0.99,5,6000,2,5,47.9,2633,2,1,0.5,0,0,2.325581395,0.095610801,0,2.325581395,1
155,12,8.82,2,2,48,4,4,65,0,5,10532,4.6,17.8,4.9,11.5,12,-0.03,-3.9,3.15,2.05,8,4000,2,5,44.9,2633,2,2,0.5,0,0,2.597402597,0.140047215,0,1.731601732,0
156,58,1.47,4,3,84,10,11,55,1,5,115885,2.6,1.4,0.1,9.6,2,-0.15,4,3.49,0.48,2,3500,2,4,47.5,16555,0,1,3.37,1.12,1,4.761904762,0.118121483,0.952380952,0.952380952,0
157,7,0.93,4,3,84,10,11,55,1,5,59822,3.12,3.43,0.49,9.6,2,-0.15,-2.48,2.33,1.29,1,3500,2,5,51,8546,2,1,3.37,1.12,1,0.4048583,0.105526428,0,1.214574899,0
158,10,0.72,4,3,104,10,11,55,1,5,81252,3.2,3.43,0.49,9.6,2,-0.36,-3.17,2.71,0.39,1,3800,2,5,53.5,11607,2,0,5.92,0.72,0,1.030927835,0.121743633,0,1.030927835,1
159,25,1.45,3,3,72,10,18,55,1,5,78006,3.2,3.43,0.49,9.6,3,0.27,0.79,1.19,0.1,3,2728,2,3,55,13001,0,1,5.92,0.72,1,2.307692308,0.093149095,1.538461538,0,0
160,3,0.79,4,3,84,6,10,55,1,5,36047,3.43,7.88,1.09,12.7,2,1.45,3.9,1.45,0.71,2,1900,2,4,47.5,5150,3,0,6.78,1.48,1,1.325757576,0.17576064,0.189393939,0.568181818,0
161,27,1.95,3,3,72,6,10,65,0,5,34946,3.43,7.88,1.09,12.7,3,0.24,-4.3,8.3,0.53,3,1900,2,3,48,5824,0,1,6.78,1.48,1,2.824858757,0.139146249,0,0.282485876,0
162,14,2.18,4,3,84,6,10,65,0,5,31350,3.43,7.88,1.09,12.7,1,1.5,4,2.5,0.3,3,2500,2,5,50.8,4479,2,1,6.78,1.48,0,2.857142857,0.094024,0,1.428571429,1
163,8,0.97,3,3,72,6,6,65,0,5,34386,3.97,11.75,2.48,15.5,1,0.4,-1.28,1.68,0.84,1,4000,2,5,48,5731,0,0,10.98,6.75,0,1.408450704,0.229041953,1.408450704,1.408450704,1
164,11,1.47,3,3,72,6,8,65,0,5,33212,3.97,11.75,2.48,15.5,4,0.28,3.06,3.03,1.62,3,2492,2,5,45.8,5535,1,1,10.98,6.75,0,2.5,0.08479096,0,2.5,0
165,5,1.22,3,3,72,6,6,65,0,5,25933,3.97,11.75,2.48,15.5,2,0.03,1.98,1.95,0.11,2,8000,2,5,44,4322,2,1,10.98,6.75,1,0,0.08746276,0,1.558441558,0
166,5,0.52,4,3,84,6,8,65,0,5,23983,3.97,11.75,2.48,15.5,1,1.14,5,3.6,0.35,2,2100,2,3,44,3426,1,0,10.98,6.75,1,1.020408163,0.117525912,1.020408163,1.530612245,0
167,7,1.62,4,3,84,6,10,65,0,5,23790,3.97,11.75,2.48,15.5,2,0.94,3,3.99,0.17,2,4000,2,5,47.5,3399,0,0,10.98,6.75,1,1.231527094,0.163335018,0.246305419,0.985221675,0
168,7,1.48,3,3,72,6,10,65,0,5,23790,3.97,11.75,2.48,15.5,2,0.4,3,2.6,0.23,4,1964,2,5,46.8,3965,0,0,10.98,6.75,0,2.150537634,0.203065779,1.075268817,1.075268817,1
169,6,0.94,3,3,72,6,10,65,0,5,20394,3.97,11.75,2.48,15.5,1,1.3,1.82,0.52,0.43,2,6854,2,4,47.5,3399,2,1,0.51,0.28,0,1.234567901,0.14067027,0,1.234567901,1
170,16,1.9,2,2,48,4,4,65,0,5,23106,3.88,12.67,4.03,17,5,0,1.51,1.51,0.27,4,1146,2,5,44.5,5777,2,0,0.51,0.28,0,1.351351351,0.12851358,0,2.702702703,1
171,47,4.31,2,2,48,4,4,65,0,5,23106,3.88,12.67,4.03,17,8,0,-2.6,3.35,0.35,8,1146,2,5,44.6,5777,0,2,0.51,0.28,0,1,0.1453503,1,0.5,1
172,8,1.3,2,2,48,4,4,65,0,5,19631,4.46,13.2,4.48,17,3,-0.44,-1.98,1.44,0.19,0,0,2,5,45.3,4908,0,2,0.51,0.28,1,0.757575758,0.174373056,0.378787879,0.757575758,0
173,20,2.73,2,2,63,4,4,65,0,5,21433,3.95,13.73,4.32,17,5,-0.01,3.04,3.73,1.33,4,2865,2,5,45.5,5358,0,1,3.13,9.63,1,1.518438178,0.16091182,0.21691974,1.084598698,0
174,9,1.29,2,2,48,4,4,65,0,5,20306,3.95,13.73,4.32,17,3,-0.04,-3,2.95,0.11,3,2865,2,5,45,5077,1,0,3.13,9.63,1,0.966183575,0.184981307,0,0.644122383,0
175,22,2.68,2,2,48,4,4,65,0,5,21019,4.74,13.37,4.51,17,5,-0.04,3.03,2.71,0.14,2,2865,2,5,44.2,5255,0,1,3.13,9.63,0,3.773584906,0.084549257,1.886792453,1.886792453,0
176,19,1.56,2,2,48,4,4,65,0,5,22492,5.02,12.18,3.89,17,2,-0.05,-3.76,4.13,0.9,1,1515,2,5,43.5,5623,0,1,3.13,9.63,0,0.952380952,0.17279976,0,1.904761905,0
177,21,2.09,2,2,48,4,4,65,0,5,21065,5.02,12.18,3.89,17,3,-0.28,2.93,4.08,1.73,2,1910,2,5,43.8,5266,0,1,3.13,9.63,0,2.325581395,0.171141419,1.162790698,1.162790698,1
178,2,0.59,2,2,48,4,4,65,0,5,19911,3.8,14.3,5,17.4,1,-0.33,-2.11,1.78,0.57,1,5730,2,2,43,4978,0,1,3.13,9.63,0,1.063829787,0.178449741,1.063829787,2.127659574,1
179,7,2,2,2,48,4,4,65,0,5,19911,3.8,14.3,5,17.4,2,-0.31,-0.66,0.87,0.48,1,5730,2,5,47.3,4978,0,2,3.13,9.63,0,0,0.113162775,1.515151515,0,0
180,35,3.93,2,2,54,4,4,65,0,5,21238,4.07,13.28,4.79,17.4,5,0.23,4,4.9,0.24,5,1910,2,5,46.8,5310,1,0,3.13,9.63,0,1.449275362,0.070659036,0,1.449275362,0
181,21,6.59,2,2,48,4,4,65,0,5,17403,4.1,13.3,4.8,17.4,7,-1.09,-4.6,6.36,0.42,9,1637,2,5,44.4,4351,0,1,3.13,9.63,0,1.785714286,0.056463456,0,2.678571429,0
182,20,5.2,2,2,48,4,4,65,0,5,16427,5.19,15.6,5.39,17.4,7,0.4,-2.24,2.15,0.26,5,1910,2,5,46.3,4107,0,1,0.69,0.55,1,0,0.02392502,0,1.785714286,0
183,0,0.58,2,2,48,4,4,65,0,5,18096,4.4,13.69,4.63,17.4,3,-0.18,-1.97,1.79,0.95,1,2865,2,5,58.5,4524,0,0,0.69,0.55,1,2.222222222,0.079677675,1.481481481,2.222222222,0
184,4,1.46,2,2,48,4,4,65,0,5,18096,4.4,13.69,4.63,17.4,2,-0.29,-1.66,1.26,1.6,2,2865,2,5,58,4524,0,0,0.69,0.55,1,0.833333333,0.08661888,0.833333333,2.5,0
185,7,2.64,2,2,48,4,4,65,0,5,18096,4.4,13.69,4.63,17.4,2,-0.2,-1.4,1.11,1.14,2,11460,2,5,56.3,4524,0,1,0.69,0.55,1,2.127659574,0.064681212,0.531914894,0.531914894,0
186,2,0.86,2,2,48,4,4,65,0,5,19053,4.04,12.68,4.66,17.4,2,-0.28,2.1,2.38,1.27,0,0,2,5,56.5,4763,0,0,0.69,0.55,1,1.295896328,0.177985534,0.215982721,1.079913607,0
187,0,0.8,2,2,62,4,4,65,0,5,19053,4.04,12.68,4.66,17.4,1,-0.37,-2.7,2.33,2.04,1,2865,2,5,57.5,4763,0,0,0.69,0.55,1,1.063829787,0.069971814,1.063829787,2.127659574,0
188,42,11.5,2,2,57,4,4,65,1,5,19053,4.04,12.68,4.66,17.4,10,0.25,-2.94,3.3,0.56,14,1700,2,5,60.8,4763,0,2,0.69,0.55,1,3.048780488,0.04627178,0,1.219512195,0
189,29,15.28,2,2,48,4,4,65,0,5,9802,9.48,11.5,4.66,19.4,16,0.04,4.13,8.25,0.32,29,1500,2,5,61.2,2451,3,1,0.69,0.55,0,3.50877193,0.070010906,0,1.754385965,0
190,7,4.61,2,2,48,4,4,65,0,5,9563,5.67,13.26,4.87,19.4,7,0.23,4.95,4.18,0.23,5,2292,2,5,51.8,2391,0,1,0.55,0,0,1.111111111,0.04537242,0,1.111111111,1
191,1,0.63,2,2,48,4,4,65,0,5,9563,5.67,13.26,4.87,19.4,1,0.15,-3.47,3.62,1.19,1,5730,2,5,50.5,2391,0,1,0.55,0,1,0.99009901,0.043150483,0,0.99009901,0
192,8,5.28,2,2,48,4,4,65,0,5,9120,5.06,14,4.69,19.4,7,-0.01,1.97,1.41,1.51,3,5730,2,3,51,2280,1,1,0.55,0,0,1.639344262,0.115479649,0.819672131,1.639344262,1
193,6,1.64,2,2,48,4,4,65,0,5,7730,4.53,13.21,4.38,19.4,5,0,3,2.24,0.17,2,2084,2,2,53,1933,1,0,0.55,0,0,1.923076923,0.045519734,0,3.846153846,1
194,11,4.77,2,2,48,4,4,65,0,5,7730,4.5,13.2,4.4,19.4,4,-0.1,-2.5,2.4,0.23,2,2324,2,2,52.9,1933,1,0,0.55,0,0,2.43902439,0.11190827,0,2.43902439,0
195,10,4.46,2,2,48,4,4,65,0,5,8582,4.68,14.67,4.3,19.4,4,-0.07,1.45,1.52,0.22,2,38400,2,5,53.1,2146,1,0,0.55,0,0,5.263157895,0.029886383,0,0,0
196,19,9.49,2,2,48,4,4,65,0,5,8582,4.68,14.67,4.3,19.4,14,0,2.93,3.34,0.13,1,38400,2,2,51.7,2146,1,1,0.55,0.33,0,1.694915254,0.048628184,0,3.389830508,1
197,1,0.51,2,2,48,4,4,65,0,5,10769,4.8,9.9,3.1,19.4,2,0.05,-1.09,1.14,9.66,0,0,2,5,51.7,2692,1,0,0.55,0.33,0,2.666666667,0.145279125,1.333333333,0,0
198,8,3.54,2,2,48,4,4,65,0,5,10769,4.8,9.9,3.1,19.4,10,0.05,-1.54,2.98,10.2,1,11460,2,2,52.6,2692,1,0,0.55,0.33,1,0.787401575,0.092580206,0.787401575,0.787401575,0
199,2,2.01,2,2,48,4,4,65,0,5,8506,5.05,12.75,3.73,15.9,3,0.05,2.29,2.16,0.46,0,0,2,2,54.3,2127,1,0,0.61,0,0,2.083333333,0.06620808,0,2.916666667,1
200,1,0.98,2,2,48,4,4,65,0,5,8506,5.05,12.75,3.73,15.9,2,0.4,-2.5,3.7,2.61,0,0,2,2,53,2127,1,0,0.61,0,0,0,0.045117358,1.923076923,0,1
201,15,7.34,2,2,48,4,4,65,0,5,8506,5.05,12.75,3.73,15.9,13,0.1,-3.39,3.36,3.96,3,5730,2,2,55.2,2127,1,2,0.61,0,0,2.222222222,0.36224352,0,1.111111111,1
202,3,1.47,2,2,48,4,4,65,0,5,8297,4.79,13.87,4.14,15.7,0,0,0.42,0.4,2.67,2,11460,2,2,48.5,2074,1,0,0.61,0,0,1.388888889,0.017591832,0,2.777777778,1
203,1,0.68,2,2,48,4,4,65,0,5,8297,4.79,13.87,4.14,15.7,1,0.42,1.18,0.76,0.07,2,7672,2,4,56.5,2074,2,0,0.61,0,0,3.076923077,0.055511755,0,1.538461538,1
204,4,1.01,2,2,48,4,6,65,0,5,8297,4.79,13.87,4.14,15.7,1,-0.15,1.18,1.03,0.32,2,8000,2,5,55.8,2074,2,0,0.61,0,0,2.197802198,0.134530715,1.098901099,2.197802198,0
205,1,1.12,2,2,48,4,6,65,0,5,8297,4.79,13.87,4.14,15.7,3,-0.15,3,2.65,0.21,0,0,2,5,56.3,2074,1,0,0.89,0.92,0,0,0.022490497,0,3.773584906,0
206,3,1.31,2,2,48,4,4,65,0,5,8297,4.79,13.87,4.14,15.7,2,1.95,3,5.39,2.8,2,12000,2,5,56.2,2074,0,0,0.89,0.92,1,0,0.061892685,0,1.321585903,0
207,12,5.12,2,2,48,4,4,65,0,5,8161,4.79,13.87,4.14,15.7,6,-0.31,2.58,4.31,1.95,2,8000,2,5,51.6,2040,0,0,0.89,0.92,1,0.806451613,0.044698776,0,2.419354839,0
208,7,6.21,2,2,48,4,6,65,0,5,8161,4.79,13.87,4.14,15.7,6,0.1,-3.12,3.65,0.64,4,8000,2,5,54.7,2040,2,0,0.89,0.92,1,1.865671642,0.10716181,0.373134328,1.119402985,0
209,14,6.7,2,2,48,4,6,65,0,5,8263,4.79,13.87,4.14,15.7,3,0.5,2.74,3.19,2.94,3,8186,2,5,54.3,2066,0,1,1.08,1.8,1,2.5,0.07441912,0.625,2.5,0
210,17,7.06,2,2,48,4,4,65,0,5,10642,5.1,16.43,6.25,13.6,5,0.12,-2.37,3.8,3.58,1,8186,2,5,52.4,2661,0,1,1.08,1.8,1,2.333333333,0.1032147,0.333333333,1.333333333,0
211,35,13.1,2,2,48,4,4,65,0,5,11542,5.1,13.5,4.9,13.6,14,0.06,3.05,3.58,7.4,10,5730,2,5,53.1,2886,0,1,1.08,1.8,1,0.909090909,0.06290702,0.454545455,0.454545455,1
212,12,2.58,2,2,48,4,4,65,0,5,12405,4.83,12.77,4.67,13.6,5,0.3,2.16,3,1.3,3,6486,2,5,55.5,3101,2,0,1.1,2.8,1,1.116071429,0.076216672,0.446428571,0.446428571,1
213,11,3.64,2,2,48,4,4,65,0,5,12405,4.83,12.77,4.67,13.6,5,0.35,1.24,1.68,0.28,1,11459,2,5,58.6,3101,1,0,1.1,2.8,1,1.369863014,0.096433584,0,1.369863014,0
214,64,19.3,2,2,48,4,4,65,0,5,11924,4.68,12.87,4.67,13.6,28,-0.3,2,3.25,3.89,9,7640,2,5,54.4,2981,0,3,1.1,2.8,1,0.99009901,0.030586891,0,1.98019802,0
215,55,5.8,2,2,48,4,10,65,0,5,11925,4.35,16.61,5.93,13.6,6,-0.09,2.25,4.25,0.37,6,1910,2,5,56.3,2981,0,3,1.63,4.16,0,1.388888889,0.078753276,0,1.388888889,0
216,24,1.58,2,2,48,4,4,55,1,5,31374,2.5,6.9,2.4,13.6,2,-0.48,-3.4,2.9,0.06,1,7639,2,2,44.5,7844,0,1,1.63,4.16,0,1.639344262,0.15781432,1.639344262,1.639344262,0
217,0,0.95,2,2,48,4,4,55,1,5,66268,4.78,3.69,0.79,10,3,0.21,-2.8,3.01,0.42,1,5730,2,2,50.5,16567,0,1,1.63,4.16,1,0,0.013857736,0,3.278688525,0
218,135,12.4,2,2,48,4,4,55,1,5,66767,4.78,3.69,0.79,10,21,0.05,-3.03,5.51,0.68,9,2865,2,2,51.5,16692,0,4,1.63,4.16,1,3.571428571,0.028873544,0,1.785714286,0
219,23,2.15,2,2,48,6,16,55,1,1,33922,3.7,2.3,0.1,8.91,4,-0.02,2.5,3.45,0.14,3,5730,2,3,49.5,8481,0,1,3.73,1.13,1,1.19047619,0.039419562,0,1.19047619,0
220,12,0.63,2,2,48,6,6,55,1,1,41496,3.7,2.3,0.1,10.04,1,0.06,-3.32,3.58,0.33,0,0,2,3,44,10374,0,0,3.21,0.55,1,0,0.079196751,0,1.449275362,0
221,0,0.9,2,2,50,0,0,40,1,1,10000,7,3,0,-99,18,0,-3.4,1.56,-99,4,477,1,1,47,2500,0,0,9.27,0,1,3.773584906,0.038256672,0,1.886792453,0
222,5,1.64,2,2,48,4,7,55,1,1,18695,4.92,2.09,0.61,8.43,4,1,3.45,4.38,0.41,4,1900,1,2,60.5,4674,0,0,2.96,0.1,1,1.25,0.0600644,0.625,0.625,0
223,5,0.57,2,2,46,0,0,55,1,1,14365,5.17,2.7,0.56,8.37,3,0.5,5.15,4.65,1.22,0,0,0,1,59.5,3591,0,0,2.96,0.1,1,0,0.083372716,1.020408163,1.530612245,1
224,16,1.68,2,2,48,0,8,45,1,1,14684,4.19,2.45,0.44,8.18,6,0.38,2.37,2.87,1.95,1,7500,0,1,58.5,3671,0,0,1.68,0.04,0,2.53164557,0.103941525,0,2.53164557,1
225,12,3.02,2,1,36,4,4,55,1,1,11157,5.1,3.4,1.1,9.5,9,-0.25,2.64,4.3,0.11,3,2865,1,2,46.5,3719,0,1,6.33,0,1,0,0.044517554,0,1.360544218,0
226,9,2.31,2,2,48,4,4,55,1,1,16610,3.69,2.46,0.64,8.99,6,-0.05,-3.71,5.7,0.25,4,2292,1,2,47,4153,0,0,6.33,0,1,1.526717557,0.039672106,0,1.526717557,0
227,28,5.17,2,2,48,4,4,55,1,1,16549,3.69,2.46,0.64,9.2,9,-0.05,-3.47,6.55,0.41,11,1433,1,2,46.6,4137,0,0,6.33,0,1,0.746268657,0.085357732,0.373134328,1.492537313,1
228,5,0.59,2,2,48,4,4,55,1,1,22581,4.7,2.7,0.4,10.3,1,0.3,-3.95,3.92,0.06,2,1433,1,2,53,5645,1,0,5.28,2.63,0,7.692307692,0.00911989,0,1.923076923,1
229,8,0.7,2,2,48,4,4,55,1,1,36800,4.15,3.14,0.74,10.4,2,0,-0.8,0.8,0.44,1,11460,2,2,53,9200,1,0,5.28,2.63,0,1.020408163,0.124325789,0,3.06122449,1
230,13,2.07,2,2,48,4,4,55,0,1,26895,4.15,3.14,0.74,9.07,2,0,-2.5,2,0.69,2,2865,2,2,52.8,6724,1,1,5.28,2.63,0,1.869158879,0.049201489,0,0.934579439,1
231,38,0.92,2,2,48,4,4,55,0,1,52487,3.63,2.64,0.47,8.5,3,0.5,-3.5,4,1.11,2,1433,2,2,52.8,13122,1,1,5.28,2.63,0,2.189781022,0.040584058,0,2.919708029,1
232,109,1.06,2,2,48,0,6,55,1,1,29659,3.34,1.51,0.26,8.1,10,-0.03,3.01,4.94,0.51,1,2000,2,5,53.7,7415,0,2,4.03,0,0,1.840490798,0.048286142,0,2.45398773,1
233,26,3.05,2,2,48,4,10,55,1,1,53070,3.13,4.02,0.86,8.23,3,0,-3,3,0.84,3,2200,2,5,51.5,13268,0,1,4.03,0,0,2.857142857,0.118314385,0,0,0
234,5,0.75,2,2,62,4,10,55,1,1,53070,3.13,4.02,0.86,8.2,2,0.02,-1.69,1.67,0.47,0,0,2,5,51,13268,0,1,4.03,0,0,1.098901099,0.149759792,0,2.197802198,0
235,25,1.23,2,2,48,4,4,55,1,1,63053,3.5,4.1,0.6,8.68,1,-0.08,1.42,1.5,0.06,2,5000,2,5,50,15763,1,1,4.03,0,0,0.347222222,0.441125568,0.694444444,0.694444444,0
236,49,3.32,2,2,102,4,5,55,1,1,50361,3.67,5.26,1.23,8.1,1,-0.04,-2,1.77,0.44,1,5730,2,5,52,12590,1,3,4.32,0.06,0,2.777777778,0.030553128,0,2.777777778,0
237,3,2.68,2,2,62,4,4,65,1,5,8726,3.2,3.7,1.3,7.95,2,-0.58,-3.66,2.91,0.23,4,5900,2,5,45.5,2182,0,1,0.53,1.04,1,0,0.027072014,0,1.639344262,0
238,13,2.18,2,2,48,4,7,55,1,5,8726,3.2,3.7,1.3,7.9,2,0,-2.95,2.95,1.99,2,4100,2,5,44.3,2182,2,2,0.53,1.04,1,2.941176471,0.045267957,0,1.960784314,0
239,12,6.06,3,3,88,5,7,55,1,5,19629,3.2,3.7,1.3,12.1,7,0.05,-2.8,3.36,0.56,2,3900,2,5,48.1,3272,0,3,0.53,1.04,1,0.847457627,0.085175232,0.847457627,2.542372881,0
240,9,1.05,2,2,48,5,5,55,1,5,30821,5.11,9.21,2.73,7.9,5,0.14,6.03,5.89,0.51,1,1433,2,2,50.5,7705,0,1,0.44,0,1,0,0.01720245,0,4,0
241,5,1.27,2,2,47,4,5,55,1,5,19972,5.11,9.21,2.73,8.16,1,0.21,-1.34,1.55,0.48,1,4400,2,2,54.3,4993,1,1,0.44,0,1,1.785714286,0.021827876,0,1.785714286,1
242,3,0.52,2,2,48,4,4,55,0,1,4805,4.72,6.19,2.43,7.35,4,-0.22,-4,6.83,0.08,1,3016,1,5,54,1201,0,0,1.63,4.16,0,1.694915254,0.042878339,1.694915254,1.694915254,1
243,17,9.32,2,2,48,3,4,55,0,1,4805,4.72,6.19,2.43,7.35,27,0.2,-5,6.05,0.61,14,1200,1,5,51.7,1201,0,0,1.63,4.16,1,2.325581395,0.059807367,0,0,0
244,5,2.4,2,2,48,4,4,55,0,1,7558,4.39,4.76,1.76,12.1,5,0.02,-2.91,3.52,0.07,7,2000,1,2,43.7,1890,0,0,1.63,4.16,1,1.492537313,0.062404269,0,0,0
245,1,0.91,2,2,48,4,4,55,1,1,7601,4.9,4.35,1.67,8.42,3,0.25,-1.21,1.46,0.55,0,0,1,3,46,1900,0,0,1.63,4.16,0,4.195804196,0.06430424,0,0,1
246,2,1.43,2,2,48,4,4,55,1,1,12320,3.88,2.84,1.17,8.34,6,0.91,4.67,6.93,0.12,0,0,1,2,46,3080,0,0,1.63,4.16,0,3.571428571,0.061252548,0,3.571428571,0
247,56,1.96,4,3,84,6,10,55,1,5,79848,2.9,5.46,1.68,10.2,3,0.5,-2.29,1.64,0.02,3,3000,2,5,40.3,11407,1,1,3.18,0.67,0,5.263157895,0.189252683,1.754385965,1.754385965,1
248,48,4.18,3,3,72,4,6,55,1,5,70887,2.9,5.46,1.68,10.2,6,-0.1,2.52,3.17,0.85,5,4000,2,5,41.9,11815,1,2,3.18,0.67,0,3.125,0.007818592,0,3.125,1
249,2,0.56,2,2,48,4,4,55,1,5,29967,4.45,9.58,3.31,10.2,2,-0.5,-2.43,1.93,0.25,2,2500,2,5,41.9,7492,1,0,3.18,0.67,0,1.818181818,0.05058097,0,1.818181818,1
250,4,0.72,2,2,48,4,4,55,1,5,29967,4.45,9.58,3.31,10.2,1,-1.74,-2.59,0.85,0.07,1,6000,2,5,40.5,7492,0,0,3.18,0.67,0,3.448275862,0.125283002,1.149425287,2.298850575,1
251,10,1,2,2,62,4,4,55,1,5,29967,4.45,9.58,3.31,10.2,2,-1.08,3,1.92,0.3,2,2000,2,5,40,7492,1,1,3.18,0.67,0,5.769230769,0.085577024,1.923076923,1.923076923,0
252,43,4.55,2,2,48,3,3,55,1,1,43014,2.24,1.61,0.12,12.2,6,0,-0.83,1.61,0.24,5,6367,1,5,55.3,10754,2,2,0.44,0,1,1.754385965,0.063351225,1.754385965,0,0
253,5,0.52,2,2,48,4,4,50,1,1,23771,2.4,0.7,0.1,8.96,0,-3.2,-3.2,0,5.32,0,0,0,1,58,5943,0,1,5.22,1.09,1,1.666666667,0.02064294,0,5,0
254,27,18.57,2,2,48,4,8,55,1,1,9345,5,13.5,6.1,7.72,23,0,-3.71,5.38,2.52,10,2200,1,5,41.9,2336,0,0,0.44,0,1,0,0.017890548,0,1.923076923,0
255,24,0.54,3,3,72,4,10,55,1,5,149113,3.26,2.62,0.24,9.5,2,-0.69,-5.05,4.36,0.75,2,2050,2,5,41,24852,3,0,3.37,1.12,1,1.587301587,0.021990119,1.587301587,1.587301587,0
256,0,1.38,4,3,84,6,10,55,1,5,161671,3.08,2.03,0.21,9.5,1,0.37,3.67,3.3,0.23,3,3820,2,3,48.5,23096,0,0,3.37,1.12,1,3.921568627,0.020046494,0,0,0
257,0,1.35,3,3,72,6,6,55,1,5,142656,3.08,2.03,0.21,9.5,2,0.36,-3.4,3.88,0.65,1,6001,2,2,49,23776,0,1,3.37,1.12,1,2.040816327,0.030425962,0,0,0
258,0,1.47,3,3,72,6,6,55,1,5,144914,3.08,2.03,0.21,9.5,2,0.37,-2.2,3.8,0.31,2,4298,2,2,50.5,24152,0,1,3.37,1.12,1,1.470588235,0.020593154,0,2.941176471,0
259,0,0.87,3,3,99,6,6,55,1,5,117614,3.08,2.03,0.21,9.5,2,0.86,-2.9,5.73,0.88,2,4298,2,5,50.5,19602,0,1,3.37,1.12,1,2.678571429,0.033918136,0,0,0
260,5,0.9,3,3,72,6,6,55,1,5,110272,3.08,2.03,0.21,9.5,2,0.59,2.18,3.18,0.03,1,7639,2,5,52,18379,1,0,3.37,1.12,0,3.296703297,0.025246722,0,0,1
261,0,0.56,3,3,72,6,6,55,1,5,110272,3.08,2.03,0.21,9.5,1,-1.01,1.94,0.93,0.48,1,11460,2,2,51,18379,0,1,3.37,1.12,1,0,0.036141059,0,2.816901408,1
262,2,0.57,2,2,48,6,6,55,1,5,90965,3.3,2.3,0.3,9.5,3,1.04,2.88,1.1,0.06,1,3200,2,3,49,22741,0,1,3.37,1.12,0,2.205882353,0.402113784,0,1.838235294,0
263,8,0.71,2,2,48,6,6,55,1,5,88382,3.3,2.3,0.3,9.5,1,1.68,-2.4,0.72,0.81,1,2600,2,5,49.5,22096,1,1,3.37,1.12,0,1.639344262,0.09017993,1.639344262,3.278688525,0
264,66,2.63,2,2,62,6,6,55,1,5,88382,3.3,2.3,0.3,9.5,8,1,3.43,3.9,0.56,4,2000,2,5,49.8,22096,2,1,3.37,1.12,0,2.352941176,0.10817797,1.176470588,2.352941176,0
265,27,1.96,2,2,48,4,8,55,1,2,45805,3,3.1,0.8,7.8,3,-0.13,1.11,1.01,0.62,3,1433,2,2,49.5,11451,0,2,5.13,0.83,1,0,0.024956839,0,0,0
266,4,0.61,2,2,48,4,4,55,1,1,70880,4,3.6,0.7,9.6,1,0.2,1.44,0.92,0.4,1,5730,2,2,52.5,17720,0,1,3.91,0,1,0,0.033324135,0,3.846153846,0
267,29,1.23,2,2,48,4,4,55,1,1,52551,3.36,3.41,1.01,8.37,1,-0.23,0.93,0.94,0.66,3,2865,2,2,55.5,13138,0,1,3.91,0,1,5.172413793,0.038309232,0,1.724137931,0
268,34,2.02,2,2,48,4,4,55,1,1,49043,3.36,3.41,1.01,8.3,3,0.2,0.93,0.73,0.4,3,5730,2,2,54,12261,0,1,4.03,0,1,1.25,0.05563476,0,1.25,0
269,11,1.32,2,2,48,4,4,55,1,1,51299,3.36,3.41,1.01,8.5,1,0.26,-1.56,1.3,1.29,1,1500,2,5,56,12825,0,2,4.03,0,0,3.157894737,0.22978429,1.052631579,1.052631579,1
270,37,1.27,2,2,48,6,6,55,1,1,47827,3.36,3.41,1.01,8.39,1,0.7,-5.5,6.2,2.38,2,1500,2,3,50,11957,0,2,4.43,0.73,0,20,0.03285,0,4.444444444,0
271,17,1.02,2,2,48,4,6,55,1,1,55518,3.76,4.28,1.06,7.9,3,-0.2,3.82,4.97,1.24,2,1500,2,3,49,13880,0,1,4.03,0,0,0.724637681,0.814336827,0,2.173913043,1
272,14,0.58,2,2,48,4,4,55,1,1,55321,3.79,3.91,1.06,7.8,2,0.6,-2.5,3.1,0.77,1,2500,2,3,49,13830,0,1,4.03,0,0,1.481481481,0.70293744,0.740740741,0.740740741,1
273,0,0.58,2,2,48,10,10,55,1,1,77379,2.65,0.55,0,8.1,2,-2.77,-4.09,7.8,0.23,2,1931,2,3,46.5,19345,0,1,3.37,1.12,0,1.360544218,0.777536067,0.680272109,1.360544218,1
274,0,2.45,2,2,48,4,4,55,1,1,77379,2.64,0.57,0.03,8.1,5,-0.32,-5.1,2.03,0.41,3,2250,2,3,50.8,19345,0,2,3.37,1.12,0,2.298850575,0.373483257,1.149425287,2.298850575,1
275,28,1.86,2,2,48,4,4,55,1,1,30347,3.9,1.7,0.2,9.13,5,-0.02,3.02,2.98,0.13,4,1910,2,2,56.5,7587,1,2,3.37,1.12,0,1.785714286,0.225395968,1.785714286,1.785714286,1
276,11,1.06,2,2,48,4,4,55,1,1,31186,1.9,4.6,0.5,9.2,3,0,6.72,6.7,0.28,3,1469,2,2,52,7797,1,1,3.37,1.12,0,3.448275862,0.163811343,1.724137931,3.448275862,1
277,3,0.98,2,2,48,4,4,55,1,1,34757,1.97,4.16,1.29,8.6,1,-0.87,4.02,4.89,0.71,3,1010,2,2,53.5,8689,0,0,3.73,1.13,0,2.040816327,0.691961708,0.816326531,1.224489796,1
