ID,FREQ,ROUTE,LENGTH,INCLANES,DECLANES,WIDTH,MIMEDSH,MXMEDSH,SPEED,URB,FC,AADT,SINGLE,DOUBLE,TRAIN,PEAKHR,GRADEBR,MIGRADE,MXGRADE,MXGRDIFF,TANGENT,CURVES,MINRAD,ACCESS,MEDWIDTH,FRICTION,ADTLANE,SLOPE,INTECHAG,AVEPRE,AVESNOW,LANEADT,LNLANADT,LNAADT,DENSITY,LOWFRI,MEDFRI,HIFRI,CURVMILE,LOWCVMIL,MEDCVMIL,HICVMIL,TRUCK,NOTRUCK,MED030,MED3040,MED4050,MED5060,MED60,SPEED1,SPEED2,SPEED3,SPEED4,LOCAL,INTSTATE,NONE,PARTIAL,FULL,FLAT,SLIGHT,MEDIUM,SLPFLAT,SLPMED,LOWPRE,MEDPRE,HIPRE,NORSNOW,HISNOW,LANEWID,NLANWID,WLANWID,EXPOSE,CPM,INTPM,GBRPM,const
1,1,2,0.64,2,2,48,4,4,55,0,1,3347,10,5.3,1.1,10.1,2,-1.8,-2.9,0.7,0.39,2,1400,1,4,53.5,837,2,0,9.94,54.33,836.75,6.7295253,8.1158197,1307.421875,0,0,1,3.125,0,0,1,16.4,54890.8,0,0,0,1,0,0,1,0,1,1,0,0,1,0,0,0,1,0,1,0,0,1,0,1,0.0833333,1,0,0.0078186,3.125,0,3.125,1
2,4,2,1.44,2,2,46,0,4,55,0,1,3347,10,5.3,1.1,10.1,2,-1.46,-2.5,0.74,0.22,4,1433,1,5,54,837,2,0,9.94,54.33,836.75,6.7295253,8.1158197,581.0763889,0,0,1,2.7777778,0,0,1,16.4,54890.8,0,0,0,0,1,0,1,0,1,1,0,0,1,0,0,0,1,0,1,0,0,1,0,1,0.0869565,1,0,0.0175918,2.7777778,0,1.3888889,1
3,2,2,1.07,2,2,48,0,0,55,0,1,12598,5,6,1,8.73,2,-1.85,3.15,6.16,0.54,1,5730,1,1,52.5,3150,0,0,2.39,6.35,3149.5,8.054999,9.4412934,2943.457944,0,0,1,0.9345794,0,1,0,12,151176,1,0,0,0,0,0,1,0,1,1,0,0,1,0,1,0,0,1,0,0,1,0,0,1,0.0833333,1,0,0.0492015,0.9345794,0,1.8691589,1
4,1,2,1.1,2,2,48,0,0,55,0,1,12598,5,6,1,8.73,2,0.05,-3.14,3.19,1.34,2,5730,1,1,52.3,3150,0,0,2.39,6.35,3149.5,8.054999,9.4412934,2863.181818,0,0,1,1.8181818,0,1,0,12,151176,1,0,0,0,0,0,1,0,1,1,0,0,1,0,1,0,0,1,0,0,1,0,0,1,0.0833333,1,0,0.050581,1.8181818,0,1.8181818,1
5,0,2,0.71,2,2,48,0,0,55,0,1,13946,5,6,1,8.87,0,-0.26,-0.5,0.17,0.16,2,1637,1,1,52.3,3487,0,0,0.92,1.25,3486.5,8.1566536,9.542948,4910.56338,0,0,1,2.8169014,0,0,1,12,167352,1,0,0,0,0,0,1,0,1,1,0,0,1,0,1,0,0,1,0,1,0,0,0,1,0.0833333,1,0,0.0361411,2.8169014,0,0,1
6,36,2,5.69,2,2,48,4,4,55,0,1,13629,3.6,2.3,0.6,9,7,-0.2,-3.45,4.61,1.93,6,3200,1,4,46.2,3407,0,0,1.63,4.16,3407.25,8.1336608,9.5199552,598.8137083,0,1,0,1.0544815,0,1,0,6.5,88588.5,0,0,0,1,0,0,1,0,1,1,0,0,1,0,1,0,0,1,0,0,1,0,0,1,0.0833333,1,0,0.2830539,1.0544815,0,1.2302285,1
7,4,2,1.3,2,2,62,4,4,55,0,1,11699,3.6,2.3,0.6,9.48,4,0.38,4.05,3.67,0.22,2,7640,1,4,46,2925,0,0,2.43,6.78,2924.75,7.9809643,9.3672586,2249.807692,0,1,0,1.5384615,0,1,0,6.5,76043.5,0,0,0,1,0,0,1,0,1,1,0,0,1,0,1,0,0,1,0,0,1,0,0,1,0.0645161,1,0,0.0555118,1.5384615,0,3.0769231,1
8,2,2,1.37,2,2,48,4,4,55,0,1,8116,4.5,2.3,1.1,8.24,3,0.5,-1.8,3.57,0.5,4,2200,1,5,54.5,2029,0,0,2.43,6.78,2029,7.6152983,9.0015927,1481.021898,0,0,1,2.919708,0,0,1,7.9,64116.4,0,0,0,0,1,0,1,0,1,1,0,0,1,0,1,0,0,1,0,0,1,0,0,1,0.0833333,1,0,0.0405841,2.919708,0,2.189781,1
9,12,2,2.41,2,2,48,4,4,55,0,1,8116,4.5,2.3,1.1,8.24,5,0.5,4.78,5.93,0.09,8,1800,1,2,55.8,2029,0,0,2.43,6.78,2029,7.6152983,9.0015927,841.9087137,0,0,1,3.3195021,0,0,1,7.9,64116.4,0,1,0,0,0,0,1,0,1,1,0,0,1,0,1,0,0,1,0,0,1,0,0,1,0.0833333,1,0,0.0713924,3.3195021,0,2.0746888,1
10,2,2,1.63,2,2,48,4,4,55,0,1,8116,4.5,2.3,1.1,8.24,3,-0.52,-2.74,2.22,0.16,4,1800,1,2,56,2029,0,0,2.43,6.78,2029,7.6152983,9.0015927,1244.785276,0,0,1,2.4539877,0,1,0,7.9,64116.4,0,1,0,0,0,0,1,0,1,1,0,0,1,0,1,0,0,1,0,0,1,0,0,1,0.0833333,1,0,0.0482861,2.4539877,0,1.8404908,1
11,14,3,2.22,2,2,48,4,4,55,0,1,37106,4.1,3.7,1.1,9.6,3,-0.52,-1.82,2.98,0.77,3,1920,2,3,53.8,9277,2,2,5.22,1.09,9276.5,9.1352396,10.521534,4178.603604,0,0,1,1.3513514,0,1,0,8.9,330243.4,0,0,1,0,0,0,1,0,1,1,0,0,0,1,0,0,1,0,1,0,0,1,0,1,0.0833333,1,0,0.3006699,1.3513514,0.9009009,1.3513514,1
12,1,3,0.87,2,2,48,4,4,55,0,1,39453,4.1,3.7,1.1,8.82,3,1,-2.72,4.24,0.5,2,2000,2,5,53,9863,2,1,5.22,1.09,9863.25,9.196571,10.5828654,11337.06897,0,0,1,2.2988506,0,1,0,8.9,351131.7,0,0,0,0,1,0,1,0,1,1,0,0,0,1,0,0,1,0,1,0,0,1,0,1,0.0833333,1,0,0.125283,2.2988506,1.1494253,3.4482759,1
13,20,3,1.16,2,2,48,4,4,55,0,1,29370,4.1,3.7,1.1,10.5,2,0.22,-4.51,5.3,0.07,1,1800,2,2,51.5,7343,0,2,5.22,1.09,7342.5,8.9014347,10.287729,6329.741379,0,0,1,0.862069,0,1,0,8.9,261393,0,1,0,0,0,0,1,0,1,1,0,0,0,1,1,0,0,1,0,0,0,1,0,1,0.0833333,1,0,0.1243526,0.862069,1.7241379,1.7241379,1
14,14,3,2.11,3,3,72,4,4,55,0,1,31194,4.1,3.7,1.1,9.8,5,0.22,2.92,2.29,0.32,3,4000,2,3,51.3,5199,1,2,5.22,1.09,5199,8.5562216,10.347981,2463.981043,0,0,1,1.4218009,0,1,0,8.9,277626.6,0,0,1,0,0,0,1,0,1,1,0,0,0,1,0,1,0,1,0,0,0,1,0,1,0.0833333,1,0,0.2402406,1.4218009,0.9478673,2.3696682,1
15,26,5,1.7,2,2,48,6,6,55,1,5,34738,3.39,7.33,2.42,10.8,3,0.37,3.54,3.04,0.17,0,0,2,3,47.8,8685,0,2,3.18,0.67,8684.5,9.0692951,10.4555895,5108.529412,0,1,0,0,1,0,0,13.14,456457.32,0,0,1,0,0,0,1,0,1,0,1,0,0,1,1,0,0,1,0,0,0,1,1,0,0.0833333,1,0,0.2155493,0,1.1764706,1.7647059,1
16,11,5,1.52,3,3,72,6,6,65,1,5,51784,3.39,7.33,2.42,10.8,3,1,-2.43,4.07,2.14,0,0,2,3,45.5,8631,0,1,3.18,0.67,8630.666667,9.063077,10.8548365,5678.070175,0,1,0,0,1,0,0,13.14,680441.76,0,0,1,0,0,0,0,1,1,0,1,0,0,1,1,0,0,1,0,0,0,1,1,0,0.0833333,1,0,0.2872976,0,0.6578947,1.9736842,1
17,25,5,3.24,3,3,72,6,6,65,0,5,48307,4.7,12.1,4.2,10.8,9,0.16,1.7,3,4.91,1,11460,2,5,47.2,8051,0,1,3.18,0.67,8051.166667,8.9935723,10.7853318,2484.927984,0,1,0,0.308642,1,0,0,21,1014447,0,0,0,0,1,0,0,1,1,0,1,0,0,1,1,0,0,1,0,0,0,1,1,0,0.0833333,1,0,0.5712786,0.308642,0.308642,2.7777778,1
18,10,5,0.85,3,3,72,6,6,65,0,5,46886,4.7,12.1,4.2,10.8,1,0.51,-2.82,3.33,3.33,0,0,2,5,45,7814,1,1,3.18,0.67,7814.333333,8.9637149,10.7554744,9193.333333,0,1,0,0,1,0,0,21,984606,0,0,0,0,1,0,0,1,1,0,1,0,0,1,0,1,0,1,0,0,0,1,1,0,0.0833333,1,0,0.1454638,0,1.1764706,1.1764706,1
19,12,5,1.17,3,3,72,6,6,65,0,5,46307,4.7,12.1,4.2,10.8,3,0.35,-1.73,2.37,0.18,2,2083,2,3,45,7718,0,0,6.14,0,7717.833333,8.9512889,10.7430484,6596.438746,0,1,0,1.7094017,0,1,0,21,972447,0,0,1,0,0,0,0,1,1,0,1,0,0,1,1,0,0,1,0,0,0,1,1,0,0.0833333,1,0,0.197754,1.7094017,0,2.5641026,1
20,2,5,0.7,3,3,84,6,6,65,0,5,46307,4.7,12.1,4.2,10.8,2,-0.01,-1.04,1.03,0.4,0,0,2,3,45,7718,0,0,6.14,0,7717.833333,8.9512889,10.7430484,11025.47619,0,1,0,0,1,0,0,21,972447,0,0,1,0,0,0,0,1,1,0,1,0,0,1,1,0,0,1,0,0,0,1,1,0,0.0714286,1,0,0.1183144,0,0,2.8571429,1
21,11,5,1.3,3,3,72,6,6,65,0,5,43706,6.8,12.8,4.1,10.8,2,0.5,-1.92,2.42,0.34,1,5730,2,5,48.5,7284,1,1,6.14,0,7284.333333,8.8934812,10.6852407,5603.333333,0,1,0,0.7692308,0,1,0,23.7,1035832.2,0,0,0,0,1,0,0,1,1,0,1,0,0,1,0,1,0,1,0,0,0,1,1,0,0.0833333,1,0,0.207385,0.7692308,0.7692308,1.5384615,1
22,6,5,0.53,3,3,72,6,6,65,0,5,43706,6.8,12.8,4.1,10.8,2,0.35,-0.96,1.31,1.39,1,22918,2,5,49.5,7284,2,1,6.14,0,7284.333333,8.8934812,10.6852407,13744.02516,0,1,0,1.8867925,0,1,0,23.7,1035832.2,0,0,0,0,1,0,0,1,1,0,1,0,0,1,0,0,1,0,1,0,0,1,1,0,0.0833333,1,0,0.0845493,1.8867925,1.8867925,3.7735849,1
23,1,5,0.52,3,3,72,6,6,65,0,5,45088,6.8,12.8,4.1,10.8,3,0.31,-1.58,1.15,1.16,1,3820,2,5,49.5,7515,0,1,6.14,0,7514.666667,8.9246119,10.7163714,14451.28205,0,1,0,1.9230769,0,1,0,23.7,1068585.6,0,0,0,0,1,0,0,1,1,0,1,0,0,1,1,0,0,1,0,0,0,1,1,0,0.0833333,1,0,0.085577,1.9230769,1.9230769,5.7692308,1
24,6,5,1.05,3,3,72,6,6,65,0,5,45088,6.8,12.8,4.1,10.8,1,0,-3,3,0.12,2,2865,2,3,49.5,7515,0,0,6.14,0,7514.666667,8.9246119,10.7163714,7156.825397,0,1,0,1.9047619,0,1,0,23.7,1068585.6,0,0,1,0,0,0,0,1,1,0,1,0,0,1,1,0,0,1,0,0,0,1,1,0,0.0833333,1,0,0.1727998,1.9047619,0,0.952381,1
25,2,5,0.91,3,3,72,6,6,65,0,5,45088,6.8,12.8,4.1,10.8,1,0,-0.54,0.54,0.28,2,5730,2,5,51.5,7515,1,0,6.14,0,7514.666667,8.9246119,10.7163714,8257.875458,0,0,1,2.1978022,0,1,0,23.7,1068585.6,0,0,0,0,1,0,0,1,1,0,1,0,0,1,0,1,0,1,0,0,0,1,1,0,0.0833333,1,0,0.1497598,2.1978022,0,1.0989011,1
26,16,5,1.17,3,3,88,6,6,65,0,5,48673,6.8,12.8,4.1,10.8,1,0,-0.54,0.54,0.15,0,0,2,4,50.5,8112,0,1,6.14,0,8112.166667,9.0011203,10.7928797,6933.475784,0,0,1,0,1,0,0,23.7,1153550.1,0,0,0,1,0,0,0,1,1,0,1,0,0,1,1,0,0,1,0,0,0,1,1,0,0.0681818,1,0,0.207858,0,0.8547009,0.8547009,1
27,0,5,2.72,3,3,72,6,6,65,0,5,40503,4.2,14.6,3.4,10.8,6,0,-1.04,1.97,1.38,5,4000,2,2,48.5,6751,0,0,4.66,0.88,6750.5,8.8173719,10.6091313,2481.801471,0,1,0,1.8382353,0,1,0,22.2,899166.6,0,1,0,0,0,0,0,1,1,0,1,0,0,1,1,0,0,1,0,0,0,1,1,0,0.0833333,1,0,0.4021138,1.8382353,0,2.2058824,1
28,0,5,0.61,3,3,72,6,6,65,1,5,40503,4.2,14.6,3.4,10.8,1,0,0.5,0.83,0.11,2,11459,2,2,48.5,6751,0,1,4.66,0.88,6750.5,8.8173719,10.6091313,11066.39344,0,1,0,3.2786885,0,0,1,22.2,899166.6,0,1,0,0,0,0,0,1,1,0,1,0,0,1,1,0,0,1,0,0,0,1,1,0,0.0833333,1,0,0.0901799,3.2786885,1.6393443,1.6393443,1
29,4,5,0.91,3,3,72,5,5,65,1,5,40503,4.2,14.6,3.4,10.8,2,0.3,-1.09,1.59,0.28,2,2000,2,3,48.5,6751,0,1,4.66,0.88,6750.5,8.8173719,10.6091313,7418.131868,0,1,0,2.1978022,0,1,0,22.2,899166.6,0,0,1,0,0,0,0,1,1,0,1,0,0,1,1,0,0,1,0,0,0,1,1,0,0.0833333,1,0,0.1345307,2.1978022,1.0989011,2.1978022,1
30,5,5,0.57,3,3,88,6,6,65,1,5,33651,8,17,7,12.3,2,0.01,0.89,1.76,0.07,1,2076,2,3,50.5,5609,0,0,4.66,0.88,5608.5,8.6320386,10.4237981,9839.473684,0,0,1,1.754386,0,1,0,32,1076832,0,0,1,0,0,0,0,1,1,0,1,0,0,1,1,0,0,1,0,0,0,1,1,0,0.0681818,1,0,0.0700109,1.754386,0,3.5087719,1
31,14,5,1.66,4,3,84,5,6,65,1,5,38934,7,15.6,5.5,12.3,5,-0.88,3.5,6.4,0.44,3,2700,2,5,53,5562,2,1,4.66,0.88,5562,8.623713,10.5696232,3350.60241,0,0,1,1.8072289,0,1,0,28.1,1094045.4,0,0,0,0,1,0,0,1,1,0,1,0,0,1,0,0,1,0,1,0,0,1,1,0,0.0833333,1,0,0.2359011,1.8072289,0.6024096,3.0120482,1
32,22,5,2.75,3,3,88,6,10,65,1,5,41548,5,13.7,4.7,12.3,5,0.6,-2.9,3.5,0.15,3,5600,2,5,46.8,6925,0,1,4.66,0.88,6924.666667,8.8428452,10.6346047,2518.060606,0,1,0,1.0909091,0,1,0,23.4,972223.2,0,0,0,0,1,0,0,1,1,0,1,0,0,1,1,0,0,1,0,0,0,1,1,0,0.0681818,1,0,0.417038,1.0909091,0.3636364,1.8181818,1
33,12,5,2.31,3,3,72,6,10,65,0,5,37617,5,13.7,4.7,12.3,5,0.52,-4.5,7.4,0.5,3,3400,2,5,45,6270,2,2,4.66,0.88,6269.5,8.7434519,10.5352114,2714.069264,0,1,0,1.2987013,0,1,0,23.4,880237.8,0,0,0,0,1,0,0,1,1,0,1,0,0,1,0,0,1,0,1,0,0,1,1,0,0.0833333,1,0,0.3171677,1.2987013,0.8658009,2.1645022,1
34,14,5,3.06,3,3,88,6,10,65,0,5,45929,4.2,11.7,3.4,12.3,6,-0.5,-3.16,6.08,0.29,4,10000,2,5,45.4,7655,0,2,4.66,0.88,7654.833333,8.9430925,10.734852,2501.579521,0,1,0,1.3071895,0,1,0,19.3,886429.7,0,0,0,0,1,0,0,1,1,0,1,0,0,1,1,0,0,1,0,0,0,1,1,0,0.0681818,1,0,0.512981,1.3071895,0.6535948,1.9607843,1
35,16,5,2.3,2,2,48,3,4,65,1,5,46361,5.55,11.82,4.07,10.9,0,0,0.53,0.23,0.19,0,0,2,2,44.3,11590,0,0,5.1,0,11590.25,9.3579195,10.7442139,5039.23913,0,1,0,0,1,0,0,21.44,993979.84,0,1,0,0,0,0,0,1,1,0,1,0,0,1,1,0,0,1,0,0,0,1,1,0,0.0833333,1,0,0.3892006,0,0,0,1
36,18,5,2.41,2,2,48,4,4,65,1,5,46361,5.55,11.82,4.07,10.9,2,-0.12,0.42,0.92,0.13,0,0,2,2,49,11590,0,1,5.1,0,11590.25,9.3579195,10.7442139,4809.232365,0,1,0,0,1,0,0,21.44,993979.84,0,1,0,0,0,0,0,1,1,0,1,0,0,1,1,0,0,1,0,0,0,1,1,0,0.0833333,1,0,0.4078145,0,0.4149378,0.8298755,1
37,48,5,4.82,2,2,48,4,4,65,1,5,42250,4.95,12.83,4.26,10.9,10,-0.03,-3,5.79,2.75,1,5730,2,2,50.5,10563,0,0,5.1,0,10562.5,9.2650653,10.6513596,2191.390042,0,0,1,0.2074689,1,0,0,22.04,931190,0,1,0,0,0,0,0,1,1,0,1,0,0,1,1,0,0,1,0,0,0,1,1,0,0.0833333,1,0,0.7433043,0.2074689,0,2.0746888,1
38,17,5,5.78,2,2,48,0,4,65,1,5,45658,4.19,11.66,3.82,10.9,6,0,-3,5.79,2.62,3,5730,2,2,48.6,11415,0,2,5.28,2.63,11414.5,9.3426398,10.7289341,1974.82699,0,1,0,0.5190311,0,1,0,19.67,898092.86,0,1,0,0,0,0,0,1,1,0,1,0,0,1,1,0,0,1,0,0,0,1,0,1,0.0833333,1,0,0.9632468,0.5190311,0.3460208,1.0380623,1
39,26,5,2.81,3,3,72,6,6,55,0,5,81624,3.58,7.84,2,9.7,6,0.23,3,2.44,0.96,3,2300,2,5,42.8,13604,1,1,5.28,2.63,13604,9.5181191,11.3098786,4841.281139,0,1,0,1.0676157,0,1,0,13.42,1095394.08,0,0,0,0,1,0,1,0,1,0,1,0,0,1,0,1,0,1,0,0,0,1,0,1,0.0833333,1,0,0.8371766,1.0676157,0.3558719,2.1352313,1
40,10,5,1.33,3,3,72,6,6,55,0,5,73368,3.4,6.85,1.65,9.7,2,0.23,-3,4.7,0.42,2,4500,2,2,41.5,12228,0,1,5.28,2.63,12228,9.4114837,11.2032432,9193.984962,0,1,0,1.5037594,0,1,0,11.9,873079.2,0,1,0,0,0,0,1,0,1,0,1,0,0,1,1,0,0,1,0,0,0,1,0,1,0.0833333,1,0,0.356165,1.5037594,0.7518797,1.5037594,1
41,9,5,0.67,3,3,72,6,6,55,1,5,82113,3.35,6.87,1.65,9.7,0,2.77,3.01,0.24,0.43,2,2900,2,5,43.5,13686,0,1,5.28,2.63,13685.5,9.5240922,11.3158516,20426.1194,0,1,0,2.9850746,0,0,1,11.87,974681.31,0,0,0,0,1,0,1,0,1,0,1,0,0,1,1,0,0,1,0,0,0,1,0,1,0.0833333,1,0,0.2008073,2.9850746,1.4925373,0,1
42,140,5,3.16,4,4,96,10,10,55,0,5,163157,3.3,4.6,0.7,8.6,6,0,-3.29,2.34,0.1,4,2084,2,3,53,20395,0,2,3.91,0,20394.625,9.9230267,12.0024682,6453.995253,0,0,1,1.2658228,0,1,0,8.6,1403150.2,0,0,1,0,0,0,1,0,1,0,1,0,0,1,1,0,0,1,0,0,0,1,1,0,0.0833333,1,0,1.8818528,1.2658228,0.6329114,1.8987342,1
43,11,5,0.6,4,4,96,10,10,55,1,5,144040,3.3,4.6,0.7,8.6,0,3.02,3.02,0,0,2,7640,2,5,42.5,18005,1,0,4.03,0,18005,9.7984048,11.8778463,30008.33333,0,1,0,3.3333333,0,0,1,8.6,1238744,0,0,0,0,1,0,1,0,1,0,1,0,0,1,0,1,0,1,0,0,0,1,1,0,0.0833333,1,0,0.3154476,3.3333333,0,0,1
44,80,5,1.79,4,4,96,10,10,55,1,5,144040,3.3,4.6,0.7,8.6,3,-0.6,3.02,3.2,0.59,2,7640,2,5,44.8,18005,2,0,4.03,0,18005,9.7984048,11.8778463,10058.65922,0,1,0,1.1173184,0,1,0,8.6,1238744,0,0,0,0,1,0,1,0,1,0,1,0,0,1,0,0,1,0,1,0,0,1,1,0,0.0833333,1,0,0.9410853,1.1173184,0,1.6759777,1
45,48,5,0.75,4,4,96,10,10,55,1,5,144040,3.3,4.6,0.7,8.6,1,-0.6,1.4,2,0.77,0,0,2,5,44.8,18005,2,0,4.03,0,18005,9.7984048,11.8778463,24006.66667,0,1,0,0,1,0,0,8.6,1238744,0,0,0,0,1,0,1,0,1,0,1,0,0,1,0,0,1,0,1,0,0,1,1,0,0.0833333,1,0,0.3943095,0,0,1.3333333,1
46,65,5,1.01,4,4,96,10,10,55,1,5,130892,3.7,3.8,1.2,8.5,2,1.07,-1.8,2.87,1.45,1,11460,2,5,42.5,16362,1,1,4.03,0,16361.5,9.7026863,11.7821278,16199.50495,0,1,0,0.990099,0,1,0,8.7,1138760.4,0,0,0,0,1,0,1,0,1,0,1,0,0,1,0,1,0,1,0,0,0,1,1,0,0.0833333,1,0,0.4825334,0.990099,0.990099,1.980198,1
47,25,5,0.99,4,4,96,10,10,55,1,5,145183,2.8,3.8,0.7,8.5,1,-1.5,1.8,3.3,0.24,1,5730,2,5,41,18148,0,0,4.32,0.06,18147.875,9.8063088,11.8857503,18331.18687,0,1,0,1.010101,0,1,0,7.3,1059835.9,0,0,0,0,1,0,1,0,1,0,1,0,0,1,1,0,0,1,0,0,0,1,1,0,0.0833333,1,0,0.5246188,1.010101,0,1.010101,1
48,47,5,0.8,4,4,121,3,10,55,1,5,145183,2.8,3.8,0.7,8.5,1,1.09,-3,4.09,0.68,1,5730,2,5,41,18148,2,1,4.32,0.06,18147.875,9.8063088,11.8857503,22684.84375,0,1,0,1.25,0,1,0,7.3,1059835.9,0,0,0,0,1,0,1,0,1,0,1,0,0,1,0,0,1,0,1,0,0,1,1,0,0.0661157,1,0,0.4239344,1.25,1.25,1.25,1
49,69,5,1.5,4,4,96,3,10,55,1,5,159553,2.8,3.8,0.7,8.5,2,0.48,3,5.7,1.09,1,11460,2,5,41.5,19944,2,1,4.32,0.06,19944.125,9.9006899,11.9801314,13296.08333,0,1,0,0.6666667,0,1,0,7.3,1164736.9,0,0,0,0,1,0,1,0,1,0,1,0,0,1,0,0,1,0,1,0,0,1,1,0,0.0833333,1,0,0.8735527,0.6666667,0.6666667,1.3333333,1
50,97,5,1.5,4,4,96,3,10,55,1,5,172557,2.4,3.3,0.6,8.5,1,-0.44,-3.99,3.51,0.28,2,5730,2,5,40.5,21570,3,2,3.73,1.13,21569.625,9.9790414,12.0584829,14379.75,0,1,0,1.3333333,0,1,0,6.3,1087109.1,0,0,0,0,1,0,1,0,1,0,1,0,0,1,0,0,0,0,0,0,0,1,0,1,0.0833333,1,0,0.9447496,1.3333333,1.3333333,0.6666667,1
51,29,5,0.53,3,3,72,0,10,55,1,5,172130,2.5,1.9,0.3,7.9,0,-0.96,-1.17,0.21,0.41,1,11459,2,1,42,28688,0,1,3.21,0.55,28688.33333,10.2642458,12.0560053,54128.93082,0,1,0,1.8867925,0,1,0,4.7,809011,1,0,0,0,0,0,1,0,1,0,1,0,0,1,1,0,0,1,0,0,0,1,1,0,0.0833333,1,0,0.3329855,1.8867925,1.8867925,0,1
52,81,5,1.15,3,3,72,7,15,55,1,5,150632,2.1,2.4,0.4,7.9,2,-0.55,-2.76,2.35,0.51,2,2865,2,5,50.5,25105,3,1,3.37,1.12,25105.33333,10.1308356,11.9225951,21830.72464,0,0,1,1.7391304,0,1,0,4.9,738096.8,0,0,0,0,1,0,1,0,1,0,1,0,0,1,0,0,0,0,0,0,0,1,0,1,0.0833333,1,0,0.6322778,1.7391304,0.8695652,1.7391304,1
53,133,5,1.88,3,3,72,7,10,55,1,5,151737,2.1,2.4,0.4,7.9,1,-0.5,2.2,2.95,1.59,1,2865,2,5,50.5,25290,2,2,3.37,1.12,25289.5,10.1381446,11.929904,13451.8617,0,0,1,0.5319149,0,1,0,4.9,743511.3,0,0,0,0,1,0,1,0,1,0,1,0,0,1,0,0,1,0,1,0,0,1,0,1,0.0833333,1,0,1.0412193,0.5319149,1.0638298,0.5319149,1
54,69,5,3.58,3,3,72,7,10,55,1,5,147356,3.5,3.5,0.7,8.6,4,-0.5,-2.58,2.08,0.92,4,2456,2,5,44.8,24559,1,2,3.37,1.12,24559.33333,10.1088472,11.9006067,6860.148976,0,1,0,1.1173184,0,1,0,7.7,1134641.2,0,0,0,0,1,0,1,0,1,0,1,0,0,1,0,1,0,1,0,0,0,1,0,1,0.0833333,1,0,1.9255009,1.1173184,0.5586592,1.1173184,1
55,19,5,0.91,3,3,72,6,6,55,1,5,101645,3.1,4.3,1,8.6,4,0,-2.06,2.27,0.07,2,20000,2,2,57.5,16941,0,1,3.62,0,16940.83333,9.7374822,11.5292416,18616.30037,0,0,1,2.1978022,0,1,0,8.4,853818,0,1,0,0,0,0,1,0,1,0,1,0,0,1,1,0,0,1,0,0,0,1,1,0,0.0833333,1,0,0.3376139,2.1978022,1.0989011,4.3956044,1
56,50,5,4.07,3,3,88,6,6,55,1,5,77256,4.3,7.1,1.5,9.8,6,0,2.97,3.98,0.16,2,30000,2,2,54.8,12876,0,2,3.62,0,12876,9.4631204,11.2548799,3163.636364,0,0,1,0.4914005,1,0,0,12.9,996602.4,0,1,0,0,0,0,1,0,1,0,1,0,0,1,1,0,0,1,0,0,0,1,1,0,0.0681818,1,0,1.1476765,0.4914005,0.4914005,1.4742015,1
57,49,5,3.78,3,3,88,6,6,65,0,5,63648,4.3,7.1,1.5,9.8,5,0,-2.95,2.95,0.66,2,3820,2,2,53.5,10608,0,1,4.92,1.12,10608,9.2693637,11.0611232,2806.349206,0,0,1,0.5291005,0,1,0,12.9,821059.2,0,1,0,0,0,0,0,1,1,0,1,0,0,1,1,0,0,1,0,0,0,1,0,1,0.0681818,1,0,0.8781515,0.5291005,0.2645503,1.3227513,1
58,18,5,1.36,3,3,88,6,6,65,0,5,58548,4.3,7.1,1.5,9.8,1,0,2.9,2.2,0.05,1,3200,2,2,54.3,9758,0,1,4.92,1.12,9758,9.1858427,10.9776022,7175,0,0,1,0.7352941,0,1,0,12.9,755269.2,0,1,0,0,0,0,0,1,1,0,1,0,0,1,1,0,0,1,0,0,0,1,0,1,0.0681818,1,0,0.2906323,0.7352941,0.7352941,0.7352941,1
59,14,5,1.08,3,3,72,6,6,65,0,5,54521,4.3,7.1,1.5,9.8,1,-2,2.9,4.9,0.56,1,6000,2,5,48,9087,1,1,4.92,1.12,9086.833333,9.1145818,10.9063412,8413.734568,0,1,0,0.9259259,0,1,0,12.9,703320.9,0,0,0,0,1,0,0,1,1,0,1,0,0,1,0,1,0,1,0,0,0,1,0,1,0.0833333,1,0,0.2149218,0.9259259,0.9259259,0.9259259,1
60,6,5,0.86,3,3,99,6,6,65,0,5,54521,4.3,7.1,1.5,9.8,2,0.5,3.62,5.62,0.51,1,6000,2,5,45,9087,0,1,4.92,1.12,9086.833333,9.1145818,10.9063412,10566.08527,0,1,0,1.1627907,0,1,0,12.9,703320.9,0,0,0,0,1,0,0,1,1,0,1,0,0,1,1,0,0,1,0,0,0,1,0,1,0.0606061,1,0,0.1711414,1.1627907,1.1627907,2.3255814,1
61,6,5,0.94,3,3,72,6,6,65,0,5,52011,4.3,7.1,1.5,9.8,1,1.43,2.2,0.51,0.44,2,5000,2,5,53,8669,0,1,4.92,1.12,8668.5,9.067451,10.8592105,9221.808511,0,0,1,2.1276596,0,1,0,12.9,670941.9,0,0,0,0,1,0,0,1,1,0,1,0,0,1,1,0,0,1,0,0,0,1,0,1,0.0833333,1,0,0.1784497,2.1276596,1.0638298,1.0638298,1
62,18,5,2.36,3,3,72,6,6,65,0,5,52011,4.3,7.1,1.5,9.8,5,0.54,2.05,3.05,0.53,2,5730,2,5,49.8,8669,1,2,4.92,1.12,8668.5,9.067451,10.8592105,3673.09322,0,1,0,0.8474576,0,1,0,12.9,670941.9,0,0,0,0,1,0,0,1,1,0,1,0,0,1,0,1,0,1,0,0,0,1,0,1,0.0833333,1,0,0.4480228,0.8474576,0.8474576,2.1186441,1
63,11,5,1.69,3,3,72,6,6,65,0,5,42803,5.04,7.59,1.81,9.8,4,-0.5,-1.73,2.56,0.56,2,16000,2,5,51.5,7134,0,1,4.92,1.12,7133.833333,8.872604,10.6643635,4221.203156,0,0,1,1.183432,0,1,0,14.44,618075.32,0,0,0,0,1,0,0,1,1,0,1,0,0,1,1,0,0,1,0,0,0,1,0,1,0.0833333,1,0,0.2640303,1.183432,0.591716,2.3668639,1
64,34,5,4.27,3,3,72,6,6,65,0,5,41221,5.04,7.59,1.81,9.8,7,0,-3.95,2.93,1.54,4,3885,2,5,54.8,6870,0,2,3.93,0,6870.166667,8.8349436,10.6267031,1608.938329,0,0,1,0.9367681,0,1,0,14.44,595231.24,0,0,0,0,1,0,0,1,1,0,1,0,0,1,1,0,0,1,0,0,0,1,1,0,0.0833333,1,0,0.6424499,0.9367681,0.4683841,1.6393443,1
65,2,5,2.88,3,3,72,4,6,65,0,5,41964,5.04,7.59,1.81,9.8,1,0,0.47,0.48,0.64,2,4500,2,4,55.8,6994,0,2,3.93,0,6994,8.8528079,10.6445674,2428.472222,0,0,1,0.6944444,0,1,0,14.44,605960.16,0,0,0,1,0,0,0,1,1,0,1,0,0,1,1,0,0,1,0,0,0,1,1,0,0.0833333,1,0,0.4411256,0.6944444,0.6944444,0.3472222,1
66,18,5,1.53,3,2,60,4,6,65,0,5,43180,5.04,7.59,1.81,9.8,0,0.12,0.2,0.08,2.49,3,2865,2,2,59.3,8636,0,1,3.93,0,8636,9.0636948,10.6731327,5644.444444,0,0,1,1.9607843,0,1,0,14.44,623519.2,0,1,0,0,0,0,0,1,1,0,1,0,0,1,1,0,0,1,0,0,0,1,1,0,0.0833333,1,0,0.2411387,1.9607843,0.6535948,0,1
67,6,5,0.66,2,2,48,4,4,65,1,5,46975,5.04,7.59,1.81,9.8,0,0.2,-0.21,0.41,1.41,0,0,2,2,47.5,11744,1,1,3.93,0,11743.75,9.3710765,10.7573708,17793.56061,0,1,0,0,1,0,0,14.44,678319,0,1,0,0,0,0,0,1,1,0,1,0,0,1,0,1,0,1,0,0,0,1,1,0,0.0833333,1,0,0.1131628,0,1.5151515,0,1
68,24,5,2.54,2,2,48,4,4,65,0,5,31949,5.4,8.1,1.8,9.7,4,0.02,2.99,2.45,1.2,4,2547,2,2,49.7,7987,0,2,3.93,0,7987.25,8.9856018,10.3718962,3144.586614,0,1,0,1.5748031,0,1,0,15.3,488819.7,0,1,0,0,0,0,0,1,1,0,1,0,0,1,1,0,0,1,0,0,0,1,1,0,0.0833333,1,0,0.2961992,1.5748031,0.7874016,1.5748031,1
69,6,5,0.69,2,2,48,4,4,65,0,5,28056,4.8,7.1,1.7,9.7,1,1.4,1.91,0.51,1.54,1,7640,2,2,49.7,7014,0,0,3.93,0,7014,8.8556634,10.2419578,10165.21739,0,1,0,1.4492754,0,1,0,13.6,381561.6,0,1,0,0,0,0,0,1,1,0,1,0,0,1,1,0,0,1,0,0,0,1,1,0,0.0833333,1,0,0.070659,1.4492754,0,1.4492754,1
70,29,5,3.02,2,2,48,4,4,65,0,5,28056,4.8,7.1,1.7,9.7,5,0.5,3,3.9,0.41,4,2865,2,5,50.3,7014,0,1,3.93,0,7014,8.8556634,10.2419578,2322.516556,0,0,1,1.3245033,0,1,0,13.6,381561.6,0,0,0,0,1,0,0,1,1,0,1,0,0,1,1,0,0,1,0,0,0,1,1,0,0.0833333,1,0,0.3092613,1.3245033,0.3311258,1.6556291,1
71,17,5,0.53,2,2,48,4,4,65,0,5,32896,4.8,7.1,1.7,9.7,0,3,3,0,0.59,1,1763,2,2,52,8224,0,1,3.8,1.2,8224,9.014812,10.4011063,15516.98113,0,0,1,1.8867925,0,1,0,13.6,447385.6,0,1,0,0,0,0,0,1,1,0,1,0,0,1,1,0,0,1,0,0,0,1,0,1,0.0833333,1,0,0.0636373,1.8867925,1.8867925,0,1
72,46,5,2.09,2,2,48,4,4,55,1,5,26699,4.8,7.1,1.7,9.7,7,-0.1,-4,4.53,0.63,5,1910,2,2,46.5,6675,0,3,3.8,1.2,6674.75,8.806087,10.1923814,3193.660287,0,1,0,2.3923445,0,1,0,13.6,363106.4,0,1,0,0,0,0,1,0,1,0,1,0,0,1,1,0,0,1,0,0,0,1,0,1,0.0833333,1,0,0.2036733,2.3923445,1.4354067,3.3492823,1
73,29,5,0.79,2,2,55,4,4,55,1,5,56998,3,5.3,1.2,9.7,4,-0.5,-2,2.6,0.48,1,2865,2,2,42,14250,0,1,3.8,1.2,14249.5,9.5644771,10.9507715,18037.34177,0,1,0,1.2658228,0,1,0,9.5,541481,0,1,0,0,0,0,1,0,1,0,1,0,0,1,1,0,0,1,0,0,0,1,0,1,0.0727273,1,0,0.1643537,1.2658228,1.2658228,5.0632911,1
74,27,5,0.74,2,2,48,4,4,55,1,5,56998,3,5.3,1.2,9.7,3,1,-2,3.03,0.44,2,1910,2,2,42,14250,1,2,3.8,1.2,14249.5,9.5644771,10.9507715,19256.08108,0,1,0,2.7027027,0,0,1,9.5,541481,0,1,0,0,0,0,1,0,1,0,1,0,0,1,0,1,0,1,0,0,0,1,0,1,0.0833333,1,0,0.1539516,2.7027027,2.7027027,4.0540541,1
75,19,5,1.23,2,2,48,4,4,55,1,5,43656,3,5.3,1.2,9.7,8,0.5,-2.32,3.92,0.01,2,1910,2,2,43.5,10914,1,2,3.8,1.2,10914,9.2978016,10.684096,8873.170732,0,1,0,1.6260163,0,1,0,9.5,414732,0,1,0,0,0,0,1,0,1,0,1,0,0,1,0,1,0,1,0,0,0,1,0,1,0.0833333,1,0,0.1959936,1.6260163,1.6260163,6.504065,1
76,30,5,4.16,2,2,48,4,4,55,1,5,46018,3,5.3,1.2,9.7,20,0.01,-3.8,5.54,0.02,3,4584,2,5,45.1,11505,0,1,3.8,1.2,11504.5,9.3504935,10.7367879,2765.504808,0,1,0,0.7211538,0,1,0,9.5,437171,0,0,0,0,1,0,1,0,1,0,1,0,0,1,1,0,0,1,0,0,0,1,0,1,0.0833333,1,0,0.6987373,0.7211538,0.2403846,4.8076923,1
77,19,5,0.65,2,2,48,4,4,65,1,5,35461,3,5.3,1.2,9.7,1,0,-0.51,0.51,0.04,2,5730,2,2,40.5,8865,0,1,3.8,1.2,8865.25,9.0898944,10.4761888,13638.84615,0,1,0,3.0769231,0,0,1,9.5,336879.5,0,1,0,0,0,0,0,1,1,0,1,0,0,1,1,0,0,1,0,0,0,1,0,1,0.0833333,1,0,0.0841312,3.0769231,1.5384615,1.5384615,1
78,19,5,2.17,2,2,48,4,4,65,1,5,32359,3,5.3,1.2,9.7,4,0.16,-1.53,1.25,0.62,3,2292,2,2,50.5,8090,0,2,3.8,1.2,8089.75,8.9983531,10.3846475,3727.995392,0,0,1,1.3824885,0,1,0,9.5,307410.5,0,1,0,0,0,0,0,1,1,0,1,0,0,1,1,0,0,1,0,0,0,1,0,1,0.0833333,1,0,0.2562995,1.3824885,0.921659,1.843318,1
79,58,5,8.2,2,2,48,4,4,65,0,5,32330,3,5.3,1.2,9.7,14,0,-1.2,1.2,0.17,7,7640,2,5,50,8083,0,3,3.8,1.2,8082.5,8.9974565,10.3837509,985.6707317,0,0,1,0.8536585,0,1,0,9.5,307135,0,0,0,0,1,0,0,1,1,0,1,0,0,1,1,0,0,1,0,0,0,1,0,1,0.0833333,1,0,0.9676369,0.8536585,0.3658537,1.7073171,1
80,14,5,2.27,2,2,48,4,4,65,0,5,19493,3.96,7.14,1.49,10.3,7,-0.55,1.8,3.08,0.13,5,2865,2,2,47.8,4873,0,2,4.14,2.59,4873.25,8.4915163,9.8778107,2146.806167,0,1,0,2.2026432,0,1,0,12.59,245416.87,0,1,0,0,0,0,0,1,1,0,1,0,0,1,1,0,0,1,0,0,0,1,0,1,0.0833333,1,0,0.1615093,2.2026432,0.8810573,3.0837004,1
82,17,8,3,2,2,48,4,4,55,1,1,14472,5.3,3.59,1.02,9.51,6,0.29,2.6,4.53,1.08,4,1433,1,2,51.8,3618,0,0,6.74,0.04,3618,8.1936767,9.579971,1206,0,0,1,1.3333333,0,1,0,9.91,143417.52,0,1,0,0,0,0,1,0,1,1,0,0,1,0,1,0,0,1,0,0,0,1,1,0,0.0833333,1,0,0.1584684,1.3333333,0,2,1
83,15,8,5.67,2,2,48,4,4,55,1,1,14472,5.3,3.59,1.02,9.51,12,0,3.02,3.02,0.75,5,1433,1,2,51.3,3618,1,0,6.74,0.04,3618,8.1936767,9.579971,638.0952381,0,0,1,0.8818342,0,1,0,9.91,143417.52,0,1,0,0,0,0,1,0,1,1,0,0,1,0,0,1,0,1,0,0,0,1,1,0,0.0833333,1,0,0.2995053,0.8818342,0,2.1164021,1
84,2,8,0.72,2,2,48,4,4,55,1,1,11626,5.1,3.6,1.1,9.4,2,0.34,1.01,0.67,0.91,2,5730,1,5,48.5,2907,0,0,6.33,0,2906.5,7.9747049,9.3609992,4036.805556,0,1,0,2.7777778,0,0,1,9.8,113934.8,0,0,0,0,1,0,1,0,1,1,0,0,1,0,1,0,0,1,0,0,0,1,1,0,0.0833333,1,0,0.0305531,2.7777778,0,2.7777778,1
85,4,8,0.53,2,2,48,4,4,55,1,1,11626,5.1,3.6,1.1,9.4,0,0.59,0.84,0.25,0.02,2,5730,1,3,52.5,2907,0,0,6.33,0,2906.5,7.9747049,9.3609992,5483.962264,0,0,1,3.7735849,0,0,1,9.8,113934.8,0,0,1,0,0,0,1,0,1,1,0,0,1,0,1,0,0,1,0,0,0,1,1,0,0.0833333,1,0,0.0224905,3.7735849,0,0,1
86,11,8,2.47,2,2,48,4,4,55,1,1,12602,5.1,3.6,1.1,9.3,6,-0.38,3.08,3.85,0.25,4,1433,1,5,49,3151,0,0,6.33,0,3150.5,8.0553164,9.4416108,1275.506073,0,1,0,1.6194332,0,1,0,9.8,123499.6,0,0,0,0,1,0,1,0,1,1,0,0,1,0,1,0,0,1,0,0,0,1,1,0,0.0833333,1,0,0.1136133,1.6194332,0,2.4291498,1
87,16,8,3.12,2,2,48,4,4,55,1,1,13263,5.1,3.6,1.1,8.3,11,0.29,3.28,3.92,0.86,7,1910,1,2,50.7,3316,0,0,6.33,0,3315.75,8.1064391,9.4927335,1062.740385,0,0,1,2.2435897,0,1,0,9.8,129977.4,0,1,0,0,0,0,1,0,1,1,0,0,1,0,1,0,0,1,0,0,0,1,1,0,0.0833333,1,0,0.151039,2.2435897,0,3.525641,1
88,7,8,1.6,2,2,48,4,4,55,1,1,14519,5.1,3.6,1.1,8,4,0.43,-3.96,2.68,1.02,4,1433,1,2,51,3630,0,0,6.33,0,3629.75,8.1969191,9.5832134,2268.59375,0,0,1,2.5,0,1,0,9.8,142286.2,0,1,0,0,0,0,1,0,1,1,0,0,1,0,1,0,0,1,0,0,0,1,1,0,0.0833333,1,0,0.084791,2.5,0,2.5,1
89,6,8,1.12,2,2,48,4,4,55,1,1,13812,5.1,3.6,1.1,8.5,2,-0.4,-3.96,1.68,0.52,3,1910,1,5,53,3453,0,0,6.33,0,3453,8.1469987,9.5332931,3083.035714,0,0,1,2.6785714,0,0,1,9.8,135357.6,0,0,0,0,1,0,1,0,1,1,0,0,1,0,1,0,0,1,0,0,0,1,1,0,0.0833333,1,0,0.0564635,2.6785714,0,1.7857143,1
90,5,8,0.9,2,2,48,4,4,55,1,1,13812,5.1,3.6,1.1,8.5,1,-0.43,-3.96,3.29,0.34,1,1910,1,2,52,3453,0,0,5.28,2.63,3453,8.1469987,9.5332931,3836.666667,0,0,1,1.1111111,0,1,0,9.8,135357.6,0,1,0,0,0,0,1,0,1,1,0,0,1,0,1,0,0,1,0,0,0,1,0,1,0.0833333,1,0,0.0453724,1.1111111,0,1.1111111,1
91,18,12,4.68,2,2,48,4,10,55,1,1,13088,7,4.9,1.5,8.8,7,0,-2.9,2.9,0.06,9,2000,2,2,53.2,3272,0,1,6.74,0.04,3272,8.0931567,9.4794511,699.1452991,0,0,1,1.9230769,0,1,0,13.4,175379.2,0,1,0,0,0,0,1,0,1,1,0,0,0,1,1,0,0,1,0,0,0,1,1,0,0.0833333,1,0,0.2235692,1.9230769,0.2136752,1.4957265,1
92,16,12,4.72,2,2,48,4,4,55,1,1,17022,7,4.9,1.5,7.8,3,0,3.02,3.02,0.18,7,1910,2,2,55,4256,0,1,6.74,0.04,4255.5,8.3559675,9.7422619,901.5889831,0,0,1,1.4830508,0,1,0,13.4,228094.8,0,1,0,0,0,0,1,0,1,1,0,0,0,1,1,0,0,1,0,0,0,1,1,0,0.0833333,1,0,0.293255,1.4830508,0.2118644,0.6355932,1
93,4,12,2.27,2,2,48,3,4,55,0,1,7470,4.96,3.13,1.29,9.44,0,-0.32,-0.79,0.47,0.01,3,2100,1,5,48.2,1868,0,0,0.51,0.28,1867.5,7.5323559,8.9186503,822.6872247,0,1,0,1.3215859,0,1,0,9.38,70068.6,0,0,0,0,1,0,1,0,1,1,0,0,1,0,1,0,0,1,0,1,0,0,1,0,0.0833333,1,0,0.0618927,1.3215859,0,0,1
94,3,12,0.61,2,2,50,4,4,55,0,1,6224,5,3.1,1.3,9.24,0,-0.45,-0.91,0.44,0.37,2,1916,1,5,48.2,1556,0,0,0.51,0.28,1556,7.3498737,8.7361681,2550.819672,0,1,0,3.2786885,0,0,1,9.4,58505.6,0,0,0,0,1,0,1,0,1,1,0,0,1,0,1,0,0,1,0,1,0,0,1,0,0.08,1,0,0.0138577,3.2786885,0,0,1
95,7,12,3.85,2,2,50,4,4,55,0,1,6224,5,3.1,1.3,9.24,0,-0.29,-0.82,0.49,0.89,6,1500,1,4,52.1,1556,0,0,0.51,0.28,1556,7.3498737,8.7361681,404.1558442,0,0,1,1.5584416,0,1,0,9.4,58505.6,0,0,0,1,0,0,1,0,1,1,0,0,1,0,1,0,0,1,0,1,0,0,1,0,0.08,1,0,0.0874628,1.5584416,0,0,1
96,9,12,0.97,2,2,50,4,4,55,0,1,9272,3.72,2.33,0.56,9.4,2,-0.46,-1.11,1.19,0.2,1,22920,1,2,54.5,2318,0,0,0.51,0.28,2318,7.74846,9.1347544,2389.690722,0,0,1,1.0309278,0,1,0,6.61,61287.92,0,1,0,0,0,0,1,0,1,1,0,0,1,0,1,0,0,1,0,1,0,0,1,0,0.08,1,0,0.0328275,1.0309278,0,2.0618557,1
97,7,12,1.96,2,2,50,4,4,55,1,1,16428,3.3,3,1,8.6,2,-0.49,2.77,3.26,0.4,3,2800,2,4,51.8,4107,0,2,0.51,0.28,4107,8.3204481,9.7067425,2095.408163,0,0,1,1.5306122,0,1,0,7.3,119924.4,0,0,0,1,0,0,1,0,1,1,0,0,0,1,1,0,0,1,0,1,0,0,1,0,0.08,1,0,0.1175259,1.5306122,1.0204082,1.0204082,1
98,11,12,2.84,2,2,48,4,10,55,1,1,24714,3.02,2.94,0.58,9.1,4,0,-1.35,1.34,0.02,0,0,2,2,46.8,6179,0,1,0.44,0,6178.5,8.7288308,10.1151252,2175.528169,0,1,0,0,1,0,0,6.54,161629.56,0,1,0,0,0,0,1,0,1,1,0,0,0,1,1,0,0,1,0,1,0,0,1,0,0.0833333,1,0,0.2561853,0,0.3521127,1.4084507,1
99,3,12,0.56,2,2,48,4,10,55,0,1,14126,5.5,3.3,1.4,8.61,2,0,-2.68,2.68,3.27,1,4000,1,2,52.5,3532,0,0,0.7,0.58,3531.5,8.169478,9.5557723,6306.25,0,0,1,1.7857143,0,1,0,10.2,144085.2,0,1,0,0,0,0,1,0,1,1,0,0,1,0,1,0,0,1,0,1,0,0,1,0,0.0833333,1,0,0.0288735,1.7857143,0,3.5714286,1
100,0,14,0.85,2,2,54,0,0,50,1,1,34868,2.2,1.8,0.5,8.9,2,0,0.7,0.7,0.45,2,5730,1,1,48.5,8717,0,1,3.18,0.67,8717,9.0730304,10.4593248,10255.29412,0,1,0,2.3529412,0,1,0,4.5,156906,1,0,0,0,0,1,1,0,0,1,0,0,1,0,1,0,0,1,0,0,0,1,1,0,0.0740741,1,0,0.108178,2.3529412,1.1764706,2.3529412,1
101,11,16,0.5,2,2,48,4,4,55,0,1,61717,3.04,1.74,0.53,7.43,3,-0.72,-4.98,3.72,0.16,2,1952,2,3,46.5,15429,0,2,3.91,0,15429.25,9.6440203,11.0303147,30858.5,0,1,0,4,0,0,1,5.31,327717.27,0,0,1,0,0,0,1,0,1,1,0,0,0,1,1,0,0,1,0,0,0,1,1,0,0.0833333,1,0,0.1126335,4,4,6,1
102,23,16,0.51,2,2,48,4,4,55,0,1,53446,3.04,1.74,0.53,7.3,0,-4.98,-4.98,0,0.48,2,1400,2,2,46.5,13362,0,1,3.91,0,13361.5,9.5001327,10.8864271,26199.01961,0,1,0,3.9215686,0,0,1,5.31,283798.26,0,1,0,0,0,0,1,0,1,1,0,0,0,1,1,0,0,1,0,0,0,1,1,0,0.0833333,1,0,0.0994897,3.9215686,1.9607843,0,1
103,36,16,1.39,2,2,48,4,4,55,0,1,66246,3.5,2.6,0.6,7.8,3,-0.8,2.38,2.46,0.07,0,0,2,3,51.5,16562,0,1,5.22,0.75,16561.5,9.714836,11.1011304,11914.7482,0,0,1,0,1,0,0,6.7,443848.2,0,0,1,0,0,0,1,0,1,1,0,0,0,1,1,0,0,1,0,0,0,1,1,0,0.0833333,1,0,0.3360991,0,0.7194245,2.1582734,1
104,16,16,1.9,2,2,48,4,4,55,0,1,66246,3.5,2.6,0.6,7.8,4,0.6,-4.88,8.37,1.53,2,9923,2,4,51.8,16562,0,2,5.22,0.75,16561.5,9.714836,11.1011304,8716.578947,0,0,1,1.0526316,0,1,0,6.7,443848.2,0,0,0,1,0,0,1,0,1,1,0,0,0,1,1,0,0,1,0,0,0,1,1,0,0.0833333,1,0,0.459416,1.0526316,1.0526316,2.1052632,1
105,42,16,2.96,2,2,52,4,6,55,0,1,51194,3.5,2.6,0.6,8.79,6,0.86,-4.97,7.46,0.07,2,3077,2,4,50,12799,2,1,5.22,0.75,12798.5,9.4570833,10.8433776,4323.817568,0,0,1,0.6756757,0,1,0,6.7,342999.8,0,0,0,1,0,0,1,0,1,1,0,0,0,1,0,0,1,0,1,0,0,1,1,0,0.0769231,1,0,0.5531,0.6756757,0.3378378,2.027027,1
106,18,16,3.19,2,2,48,4,8,55,1,1,30212,3.3,3.37,0.76,7.97,5,0.48,-2.89,3.8,2.35,9,3077,2,4,50.6,7553,0,1,5.22,0.75,7553,8.9297001,10.3159945,2367.711599,0,0,1,2.8213166,0,0,1,7.43,224475.16,0,0,0,1,0,0,1,0,1,1,0,0,0,1,1,0,0,1,0,0,0,1,1,0,0.0833333,1,0,0.3517734,2.8213166,0.3134796,1.5673981,1
107,19,16,0.77,2,2,48,4,4,55,0,1,35296,3.89,3.02,0.63,7.6,2,-1.26,4.06,6.14,0.92,2,5000,2,4,50.6,8824,0,1,5.22,1.09,8824,9.0852306,10.4715249,11459.74026,0,0,1,2.5974026,0,0,1,7.54,266131.84,0,0,0,1,0,0,1,0,1,1,0,0,0,1,1,0,0,1,0,0,0,1,0,1,0.0833333,1,0,0.0991994,2.5974026,1.2987013,2.5974026,1
108,0,17,0.61,1,1,24,4,4,50,1,1,11209,3.51,2.84,0.72,8.63,0,2.56,2.56,0,0.05,0,0,1,1,60.5,5605,0,0,0.55,0.33,5604.5,8.6313251,9.3244723,9187.704918,0,0,1,0,1,0,0,7.07,79247.63,1,0,0,0,0,1,1,0,0,1,0,0,1,0,1,0,0,1,0,1,0,0,1,0,0.0833333,1,0,0.0249568,0,0,0,1
109,3,17,0.84,2,2,48,4,4,50,0,1,12857,3.51,2.84,0.72,8.65,1,0.92,3.82,2.9,0.71,1,21200,1,1,59,3214,0,0,0.55,0.33,3214.25,8.0753493,9.4616437,3826.488095,0,0,1,1.1904762,0,1,0,7.07,90898.99,1,0,0,0,0,1,1,0,0,1,0,0,1,0,1,0,0,1,0,1,0,0,1,0,0.0833333,1,0,0.0394196,1.1904762,0,1.1904762,1
110,9,20,0.66,2,2,48,4,4,55,1,1,21965,4.24,2.63,0.64,9.9,2,-1.58,3.44,5.02,0.28,1,1910,1,1,49.8,5491,0,0,3.29,0.38,5491.25,8.6109112,9.9972056,8320.075758,0,1,0,1.5151515,0,1,0,7.51,164957.15,1,0,0,0,0,0,1,0,1,1,0,0,1,0,1,0,0,1,0,0,0,1,1,0,0.0833333,1,0,0.0529137,1.5151515,0,3.030303,1
111,10,20,0.73,2,2,48,4,4,55,1,1,22997,4.24,2.63,0.64,9.97,1,-1.58,6.05,7.63,0.6,1,2292,1,2,49.8,5749,0,0,3.29,0.38,5749.25,8.6568247,10.0431191,7875.684932,0,1,0,1.369863,0,1,0,7.51,172707.47,0,1,0,0,0,0,1,0,1,1,0,0,1,0,1,0,0,1,0,0,0,1,1,0,0.0833333,1,0,0.0612755,1.369863,0,1.369863,1
112,12,20,0.94,2,2,48,4,4,55,0,1,23001,4.24,2.63,0.64,10.01,3,-3.08,6.05,9.13,0.92,3,2292,1,2,48,5750,1,0,3.29,0.38,5750.25,8.6569986,10.043293,6117.287234,0,1,0,3.1914894,0,0,1,7.51,172737.51,0,1,0,0,0,0,1,0,1,1,0,0,1,0,0,1,0,1,0,0,0,1,1,0,0.0833333,1,0,0.0789164,3.1914894,0,3.1914894,1
113,35,20,3.58,2,2,57,4,6,55,0,1,25030,4.24,2.63,0.64,9.4,1,0,-5,5,0.49,4,819,1,4,49.6,6258,1,0,3.93,0,6257.5,8.741536,10.1278304,1747.905028,0,1,0,1.1173184,0,1,0,7.51,187975.3,0,0,0,1,0,0,1,0,1,1,0,0,1,0,0,1,0,1,0,0,0,1,1,0,0.0701754,1,0,0.327067,1.1173184,0,0.2793296,1
114,12,28,4.51,1,1,24,0,0,35,1,2,9292,4.08,1.67,0.38,9.31,5,-0.12,-1.94,1.91,3.76,2,5730,0,1,51.3,4646,0,0,0.55,0.33,4646,8.4437619,9.1369091,1030.155211,0,0,1,0.443459,1,0,0,6.13,56959.96,1,0,0,0,0,1,1,0,0,0,0,1,0,0,1,0,0,1,0,1,0,0,1,0,0.0833333,1,0,0.1529603,0.443459,0,1.1086475,1
116,4,82,1.24,2,2,62,4,4,65,0,5,9876,5.1,13.6,3.14,12.3,1,2,5,3,0.63,3,3200,2,5,44,2469,2,0,0.69,0.55,2469,7.8115685,9.1978629,1991.129032,0,1,0,2.4193548,0,1,0,21.84,215691.84,0,0,0,0,1,0,0,1,1,0,1,0,0,1,0,0,1,0,1,1,0,0,1,0,0.0645161,1,0,0.0446988,2.4193548,0,0.8064516,1
117,3,82,2.07,2,2,48,4,4,65,0,5,10482,5.1,13.6,3.14,12.3,0,5,5,0,0.62,3,3200,2,5,44,2621,2,0,0.69,0.55,2620.5,7.8711204,9.2574148,1265.942029,0,1,0,1.4492754,0,1,0,21.84,228926.88,0,0,0,0,1,0,0,1,1,0,1,0,0,1,0,0,1,0,1,1,0,0,1,0,0.0833333,1,0,0.0791968,1.4492754,0,0,1
118,4,82,2.68,2,2,48,4,4,65,0,5,10955,5.1,13.6,3.14,12.3,5,0.8,-5,4.8,0.67,3,1800,2,5,47.3,2739,0,1,0.69,0.55,2738.75,7.9152569,9.3015513,1021.921642,0,1,0,1.119403,0,1,0,21.84,239257.2,0,0,0,0,1,0,0,1,1,0,1,0,0,1,1,0,0,1,0,1,0,0,1,0,0.0833333,1,0,0.1071618,1.119403,0.3731343,1.8656716,1
119,0,82,0.78,2,2,62,4,4,65,0,5,11705,4.4,12.9,3.2,12.3,0,5,5,0,0.79,3,1600,2,5,50.5,2926,1,0,0.69,0.55,2926.25,7.981477,9.3677714,3751.602564,0,0,1,3.8461538,0,0,1,20.5,239952.5,0,0,0,0,1,0,0,1,1,0,1,0,0,1,0,1,0,1,0,1,0,0,1,0,0.0645161,1,0,0.0333241,3.8461538,0,0,1
120,8,82,2.47,2,2,48,4,4,65,0,5,11705,4.4,12.9,3.2,12.3,1,-4.8,5,9.8,1.22,3,3200,2,5,47,2926,0,0,0.69,0.55,2926.25,7.981477,9.3677714,1184.716599,0,1,0,1.2145749,0,1,0,20.5,239952.5,0,0,0,0,1,0,0,1,1,0,1,0,0,1,1,0,0,1,0,1,0,0,1,0,0.0833333,1,0,0.1055264,1.2145749,0,0.4048583,1
121,5,82,1.01,2,2,48,4,4,65,0,5,11705,4.4,12.9,3.2,12.3,1,-1.7,4,5.7,1.52,1,3150,2,5,46.3,2926,2,0,0.51,0.28,2926.25,7.981477,9.3677714,2897.277228,0,1,0,0.990099,0,1,0,20.5,239952.5,0,0,0,0,1,0,0,1,1,0,1,0,0,1,0,0,1,0,1,1,0,0,1,0,0.0833333,1,0,0.0431505,0.990099,0,0.990099,1
122,6,82,0.56,2,2,48,4,4,65,0,5,11705,4.4,12.9,3.2,12.3,0,3.8,3.8,0,0.49,1,1800,2,5,44,2926,2,0,0.51,0.28,2926.25,7.981477,9.3677714,5225.446429,0,1,0,1.7857143,0,1,0,20.5,239952.5,0,0,0,0,1,0,0,1,1,0,1,0,0,1,0,0,1,0,1,1,0,0,1,0,0.0833333,1,0,0.023925,1.7857143,0,0,1
123,2,82,0.61,2,2,48,4,4,65,0,5,12159,4.4,12.9,3.2,12.3,0,-5,-5,0,1.27,1,4000,2,5,46.5,3040,3,0,0.51,0.28,3039.75,8.0195306,9.4058249,4983.196721,0,1,0,1.6393443,0,1,0,20.5,249259.5,0,0,0,0,1,0,0,1,1,0,1,0,0,1,0,0,0,0,0,1,0,0,1,0,0.0833333,1,0,0.027072,1.6393443,0,0,1
124,2,82,1.02,2,2,48,4,4,65,0,5,12159,4.4,12.9,3.2,12.3,3,-1.55,-5,2.86,0.56,2,1600,2,5,61.5,3040,0,0,0.51,0.28,3039.75,8.0195306,9.4058249,2980.147059,0,0,1,1.9607843,0,1,0,20.5,249259.5,0,0,0,0,1,0,0,1,1,0,1,0,0,1,1,0,0,1,0,1,0,0,1,0,0.0833333,1,0,0.045268,1.9607843,0,2.9411765,1
125,13,82,3.84,2,2,62,4,4,65,0,5,12159,4.4,12.9,3.2,12.3,4,-0.16,-3.97,2.3,0.04,3,1500,2,5,61,3040,0,2,0.51,0.28,3039.75,8.0195306,9.4058249,791.6015625,0,0,1,0.78125,0,1,0,20.5,249259.5,0,0,0,0,1,0,0,1,1,0,1,0,0,1,1,0,0,1,0,1,0,0,1,0,0.0645161,1,0,0.1704205,0.78125,0.5208333,1.0416667,1
126,6,82,1.35,2,2,48,4,4,65,0,5,16170,4.4,12.9,3.2,12.3,3,-0.08,-2.05,1.97,0.38,3,1146,2,3,56,4043,0,2,0.51,0.28,4042.5,8.3046186,9.690913,2994.444444,0,0,1,2.2222222,0,1,0,20.5,331485,0,0,1,0,0,0,0,1,1,0,1,0,0,1,1,0,0,1,0,1,0,0,1,0,0.0833333,1,0,0.0796777,2.2222222,1.4814815,2.2222222,1
127,9,82,1.49,2,2,48,4,4,55,1,5,15830,4.76,9.73,2.77,8.6,5,0.8,3,5.92,0.39,3,2865,2,3,38.8,3958,0,1,0.51,0.28,3957.5,8.2833678,9.6696622,2656.040269,0,1,0,2.0134228,0,1,0,17.26,273225.8,0,0,1,0,0,0,1,0,1,0,1,0,0,1,1,0,0,1,0,1,0,0,1,0,0.0833333,1,0,0.0860915,2.0134228,0.6711409,3.3557047,1
128,1,82,0.57,2,2,48,4,4,55,1,5,30450,5.48,7.93,1.9,8.05,1,-0.11,1.5,1.86,0.38,0,0,2,3,38.8,7613,0,1,0.51,0.28,7612.5,8.9375469,10.3238413,13355.26316,0,1,0,0,1,0,0,15.31,466189.5,0,0,1,0,0,0,1,0,1,0,1,0,0,1,1,0,0,1,0,1,0,0,1,0,0.0833333,1,0,0.0633512,0,1.754386,1.754386,1
129,37,82,4.66,2,2,76,4,4,55,1,5,35375,4.54,6.54,1.74,12.08,9,0,-2.26,4.02,0.9,7,2865,2,2,43.6,8844,1,3,0.51,0.28,8843.75,9.0874663,10.4737606,1897.800429,0,1,0,1.5021459,0,1,0,12.82,453507.5,0,1,0,0,0,0,1,0,1,0,1,0,0,1,0,1,0,1,0,1,0,0,1,0,0.0526316,1,0,0.6016934,1.5021459,0.6437768,1.9313305,1
130,3,82,0.53,2,2,54,4,4,65,0,5,19776,3.5,7.5,2,10.5,2,-0.28,-0.97,0.68,0.19,1,1800,2,2,42,4944,1,0,0.51,0.28,4944,8.50593,9.8922244,9328.301887,0,1,0,1.8867925,0,1,0,13,257088,0,1,0,0,0,0,0,1,1,0,1,0,0,1,0,1,0,1,0,1,0,0,1,0,0.0740741,1,0,0.0382567,1.8867925,0,3.7735849,1
131,6,82,1.2,2,2,48,4,4,65,0,5,19776,3.5,7.5,2,10.5,1,0.67,1.14,1.54,0.94,3,1800,2,5,45.5,4944,0,1,0.51,0.28,4944,8.50593,9.8922244,4120,0,1,0,2.5,0,1,0,13,257088,0,0,0,0,1,0,0,1,1,0,1,0,0,1,1,0,0,1,0,1,0,0,1,0,0.0833333,1,0,0.0866189,2.5,0.8333333,0.8333333,1
132,2,82,1.18,2,2,48,4,4,65,0,5,19776,3.49,7.53,1.95,10.5,1,1.14,-2.52,3.66,0.53,3,3000,2,5,46.5,4944,0,1,0.55,0.39,4944,8.50593,9.8922244,4189.830509,0,1,0,2.5423729,0,0,1,12.97,256494.72,0,0,0,0,1,0,0,1,1,0,1,0,0,1,1,0,0,1,0,1,0,0,1,0,0.0833333,1,0,0.0851752,2.5423729,0.8474576,0.8474576,1
133,33,82,13.94,2,2,62,4,4,65,0,5,17301,3.8,8.43,2.68,10.5,12,-0.1,-2.52,3.27,0.15,16,2400,2,5,46.1,4325,1,4,0.55,0.39,4325.25,8.3722252,9.7585196,310.2761836,0,1,0,1.1477762,0,1,0,14.91,257957.91,0,0,0,0,1,0,0,1,1,0,1,0,0,1,0,1,0,1,0,1,0,0,1,0,0.0645161,1,0,0.8802922,1.1477762,0.286944,0.8608321,1
134,10,82,2.85,2,2,62,4,4,65,0,5,14867,4.2,8.55,2.5,10.1,6,0.1,-1.69,2.53,0.31,3,4500,2,5,45.3,3717,0,1,0.58,0.19,3716.75,8.2206049,9.6068993,1304.122807,0,1,0,1.0526316,0,1,0,15.25,226721.75,0,0,0,0,1,0,0,1,1,0,1,0,0,1,1,0,0,1,0,1,0,0,1,0,0.0645161,1,0,0.154654,1.0526316,0.3508772,2.1052632,1
135,28,82,8.31,2,2,62,4,4,65,0,5,14867,4.2,8.55,2.5,10.1,10,0.05,-3,3.16,0.75,8,2500,2,5,47,3717,0,2,0.38,0.17,3716.75,8.2206049,9.6068993,447.2623345,0,1,0,0.9626955,0,1,0,15.25,226721.75,0,0,0,0,1,0,0,1,1,0,1,0,0,1,1,0,0,1,0,1,0,0,1,0,0.0645161,1,0,0.4509384,0.9626955,0.2406739,1.2033694,1
136,9,82,3.78,2,2,48,4,4,65,1,5,12643,5.08,10.58,3.08,10.1,5,0,-2.73,2.66,1.08,5,2400,2,5,47,3161,0,1,0.38,0.17,3160.75,8.0585646,9.444859,836.1772487,0,1,0,1.3227513,0,1,0,18.74,236929.82,0,0,0,0,1,0,0,1,1,0,1,0,0,1,1,0,0,1,0,1,0,0,1,0,0.0833333,1,0,0.1744355,1.3227513,0.2645503,1.3227513,1
137,4,82,1.6,2,2,48,4,4,65,0,5,12743,5,11.9,4.1,10.1,4,0.55,3,4.66,0.87,4,2600,2,5,50,3186,0,1,0.38,0.17,3185.75,8.066443,9.4527374,1991.09375,0,0,1,2.5,0,1,0,21,267603,0,0,0,0,1,0,0,1,1,0,1,0,0,1,1,0,0,1,0,1,0,0,1,0,0.0833333,1,0,0.0744191,2.5,0.625,2.5,1
138,3,82,1.6,2,2,62,4,5,65,1,5,10285,4.98,11.92,4.1,10.1,2,0.69,1.65,1.73,0.1,1,5000,2,5,45.3,2571,0,1,0.38,0.17,2571.25,7.8521474,9.2384418,1607.03125,0,1,0,0.625,0,1,0,21,215985,0,0,0,0,1,0,0,1,1,0,1,0,0,1,1,0,0,1,0,1,0,0,1,0,0.0645161,1,0,0.0600644,0.625,0.625,1.25,1
139,7,82,4.06,2,2,48,5,5,65,0,5,11022,5,11.3,3.9,10.1,5,0.04,-3.47,5.12,0.09,4,2700,2,5,43.9,2756,0,1,0.38,0.17,2755.5,7.9213542,9.3076486,678.6945813,0,1,0,0.9852217,0,1,0,20.2,222644.4,0,0,0,0,1,0,0,1,1,0,1,0,0,1,1,0,0,1,0,1,0,0,1,0,0.0833333,1,0,0.163335,0.9852217,0.2463054,1.2315271,1
140,10,82,3.47,2,2,48,4,5,65,0,5,11158,4.05,11.49,3.7,10.1,2,-0.6,-3.47,2.63,0.57,2,2800,2,5,48,2790,0,1,0.53,0,2789.5,7.9336176,9.319912,803.8904899,0,1,0,0.5763689,0,1,0,19.24,214679.92,0,0,0,0,1,0,0,1,1,0,1,0,0,1,1,0,0,1,0,1,0,0,1,0,0.0833333,1,0,0.1413216,0.5763689,0.2881844,0.5763689,1
141,10,82,2.43,2,2,48,4,4,65,0,5,9156,1.95,10.76,2.85,11.6,4,-0.1,4.5,6.47,0.61,2,2200,2,5,52,2289,1,1,0.53,0,2289,7.7358703,9.1221647,941.9753086,0,0,1,0.8230453,0,1,0,15.56,142467.36,0,0,0,0,1,0,0,1,1,0,1,0,0,1,0,1,0,1,0,1,0,0,1,0,0.0833333,1,0,0.0812091,0.8230453,0.4115226,1.6460905,1
142,1,82,0.6,2,2,48,4,4,65,0,5,9426,1.95,10.76,2.85,11.6,1,-4.22,4.5,8.77,0.85,3,2600,2,5,52,2357,3,0,0.53,0,2356.5,7.7649327,9.1512271,3927.5,0,0,1,5,0,0,1,15.56,146668.56,0,0,0,0,1,0,0,1,1,0,1,0,0,1,0,0,0,0,0,1,0,0,1,0,0.0833333,1,0,0.0206429,5,0,1.6666667,1
143,1,82,0.52,2,2,48,4,4,65,0,5,9426,1.95,10.76,2.85,11.6,0,-4.22,-4.22,0,0.64,1,2600,2,5,52,2357,2,0,0.53,0,2356.5,7.7649327,9.1512271,4531.730769,0,0,1,1.9230769,0,1,0,15.56,146668.56,0,0,0,0,1,0,0,1,1,0,1,0,0,1,0,0,1,0,1,1,0,0,1,0,0.0833333,1,0,0.0178905,1.9230769,0,0,1
144,6,82,1.88,2,2,48,4,4,65,0,5,9426,1.95,10.76,2.85,11.6,4,-0.41,-4.22,5.97,0.44,1,2600,2,5,54,2357,2,1,0.53,0,2356.5,7.7649327,9.1512271,1253.457447,0,0,1,0.5319149,0,1,0,15.56,146668.56,0,0,0,0,1,0,0,1,1,0,1,0,0,1,0,0,1,0,1,1,0,0,1,0,0.0833333,1,0,0.0646812,0.5319149,0.5319149,2.1276596,1
145,9,82,3.4,2,2,48,4,4,65,0,5,9426,1.95,10.76,2.85,11.6,5,-0.11,2.74,2.59,0.53,3,8000,2,2,46.8,2357,0,1,0.53,0,2356.5,7.7649327,9.1512271,693.0882353,0,1,0,0.8823529,0,1,0,15.56,146668.56,0,1,0,0,0,0,0,1,1,0,1,0,0,1,1,0,0,1,0,1,0,0,1,0,0.0833333,1,0,0.1169767,0.8823529,0.2941176,1.4705882,1
146,2,82,0.5,2,2,48,4,4,65,0,5,9426,1.95,10.76,2.85,11.6,0,1.2,1.39,0.19,0.95,2,5000,2,3,47,2357,2,0,0.53,0,2356.5,7.7649327,9.1512271,4713,0,1,0,4,0,0,1,15.56,146668.56,0,0,1,0,0,0,0,1,1,0,1,0,0,1,0,0,1,0,1,1,0,0,1,0,0.0833333,1,0,0.0172025,4,0,0,1
147,4,82,3,2,2,48,4,4,65,0,5,9426,1.95,10.76,2.85,11.6,7,-0.89,-5.01,4.1,0.3,4,5000,2,5,44.3,2357,1,1,0.53,0,2356.5,7.7649327,9.1512271,785.5,0,1,0,1.3333333,0,1,0,15.56,146668.56,0,0,0,0,1,0,0,1,1,0,1,0,0,1,0,1,0,1,0,1,0,0,1,0,0.0833333,1,0,0.1032147,1.3333333,0.3333333,2.3333333,1
148,2,82,0.56,2,2,48,4,4,65,0,5,10679,1.95,10.76,2.85,11.6,1,0.29,-4.38,4.67,0.78,1,11000,2,3,53.5,2670,0,0,0.53,1.04,2669.75,7.8897401,9.2760345,4767.410714,0,0,1,1.7857143,0,1,0,15.56,166165.24,0,0,1,0,0,0,0,1,1,0,1,0,0,1,1,0,0,1,0,1,0,0,0,1,0.0833333,1,0,0.0218279,1.7857143,0,1.7857143,1
149,16,82,5.91,2,2,48,4,4,65,0,5,10679,1.95,10.76,2.85,11.6,6,0.43,4.9,4.32,1.33,4,2800,2,5,55.6,2670,0,2,0.53,1.04,2669.75,7.8897401,9.2760345,451.7343486,0,0,1,0.676819,0,1,0,15.56,166165.24,0,0,0,0,1,0,0,1,1,0,1,0,0,1,1,0,0,1,0,1,0,0,0,1,0.0833333,1,0,0.230362,0.676819,0.3384095,1.0152284,1
150,3,82,1.96,2,2,62,4,4,65,0,5,11654,1.95,10.76,2.85,11.6,0,-0.5,-0.98,0.48,0,3,5500,2,5,51.8,2914,0,2,0.53,1.04,2913.5,7.9771104,9.3634047,1486.479592,0,0,1,1.5306122,0,1,0,15.56,181336.24,0,0,0,0,1,0,0,1,1,0,1,0,0,1,1,0,0,1,0,1,0,0,0,1,0.0645161,1,0,0.0833727,1.5306122,1.0204082,0,1
151,4,82,4.4,2,2,62,4,4,65,0,5,3917,4.4,14,1.8,11.6,4,-0.5,-3.75,7.43,0.36,2,5000,2,5,51.5,979,0,2,0.53,1.04,979.25,6.886787,8.2730813,222.5568182,0,0,1,0.4545455,1,0,0,20.2,79123.4,0,0,0,0,1,0,0,1,1,0,1,0,0,1,1,0,0,1,0,1,0,0,0,1,0.0645161,1,0,0.062907,0.4545455,0.4545455,0.9090909,1
152,4,82,4.48,2,2,48,4,4,65,0,5,4661,4.44,13.99,1.81,11.6,5,0,3.68,3.68,1.65,2,4500,2,5,52.4,1165,0,2,0.53,1.04,1165.25,7.0606909,8.4469853,260.1004464,0,0,1,0.4464286,1,0,0,20.24,94338.64,0,0,0,0,1,0,0,1,1,0,1,0,0,1,1,0,0,1,0,1,0,0,0,1,0.0833333,1,0,0.0762167,0.4464286,0.4464286,1.1160714,1
153,14,82,3.03,2,2,48,4,4,65,0,5,9094,4.6,17.8,4.9,11.6,4,0.42,4,3.46,1.73,2,5000,2,5,50,2274,3,1,0.53,1.04,2273.5,7.7290758,9.1153701,750.330033,0,0,1,0.660066,0,1,0,27.3,248266.2,0,0,0,0,1,0,0,1,1,0,1,0,0,1,0,0,0,0,0,1,0,0,0,1,0.0833333,1,0,0.1005751,0.660066,0.330033,1.320132,1
154,6,82,4.63,2,2,48,4,4,65,0,5,10532,4.6,17.8,4.9,11.5,6,-1.15,-3.94,5.25,0.99,5,6000,2,5,47.9,2633,2,1,0.5,0,2633,7.8758792,9.2621735,568.6825054,0,1,0,1.0799136,0,1,0,27.3,287523.6,0,0,0,0,1,0,0,1,1,0,1,0,0,1,0,0,1,0,1,1,0,0,1,0,0.0833333,1,0,0.1779855,1.0799136,0.2159827,1.2958963,1
155,12,82,8.82,2,2,48,4,4,65,0,5,10532,4.6,17.8,4.9,11.5,12,-0.03,-3.9,3.15,2.05,8,4000,2,5,44.9,2633,2,2,0.5,0,2633,7.8758792,9.2621735,298.5260771,0,1,0,0.9070295,0,1,0,27.3,287523.6,0,0,0,0,1,0,0,1,1,0,1,0,0,1,0,0,1,0,1,1,0,0,1,0,0.0833333,1,0,0.3390567,0.9070295,0.2267574,1.3605442,1
156,58,90,1.47,4,3,84,10,11,55,1,5,115885,2.6,1.4,0.1,9.6,2,-0.15,4,3.49,0.48,2,3500,2,4,47.5,16555,0,1,3.37,1.12,16555,9.7144434,11.6603536,11261.90476,0,1,0,1.3605442,0,1,0,4.1,475128.5,0,0,0,1,0,0,1,0,1,0,1,0,0,1,1,0,0,1,0,0,0,1,0,1,0.0833333,1,0,0.621781,1.3605442,0.6802721,1.3605442,1
157,7,90,0.93,4,3,84,10,11,55,1,5,59822,3.12,3.43,0.49,9.6,2,-0.15,-2.48,2.33,1.29,1,3500,2,5,51,8546,2,1,3.37,1.12,8546,9.0532186,10.9991288,9189.247312,0,0,1,1.0752688,0,1,0,7.04,421146.88,0,0,0,0,1,0,1,0,1,0,1,0,0,1,0,0,1,0,1,0,0,1,0,1,0.0833333,1,0,0.2030658,1.0752688,1.0752688,2.1505376,1
158,10,90,0.72,4,3,104,10,11,55,1,5,81252,3.2,3.43,0.49,9.6,2,-0.36,-3.17,2.71,0.39,1,3800,2,5,53.5,11607,2,0,5.92,0.72,11607.42857,9.3594006,11.3053107,16121.42857,0,0,1,1.3888889,0,1,0,7.12,578514.24,0,0,0,0,1,0,1,0,1,0,1,0,0,1,0,0,1,0,1,0,0,1,1,0,0.0673077,1,0,0.2135303,1.3888889,0,2.7777778,1
159,25,90,1.45,3,3,72,10,18,55,1,5,78006,3.2,3.43,0.49,9.6,3,0.27,0.79,1.19,0.1,3,2728,2,3,55,13001,0,1,5.92,0.72,13001,9.4727816,11.264541,8966.206897,0,0,1,2.0689655,0,1,0,7.12,555402.72,0,0,1,0,0,0,1,0,1,0,1,0,0,1,1,0,0,1,0,0,0,1,1,0,0.0833333,1,0,0.4128468,2.0689655,0.6896552,2.0689655,1
160,3,90,0.79,4,3,84,6,10,55,1,5,36047,3.43,7.88,1.09,12.7,2,1.45,3.9,1.45,0.71,2,1900,2,4,47.5,5150,3,0,6.78,1.48,5149.571429,8.5466688,10.4925789,6518.444846,0,1,0,2.5316456,0,0,1,12.4,446982.8,0,0,0,1,0,0,1,0,1,0,1,0,0,1,0,0,0,0,0,0,0,1,0,1,0.0833333,1,0,0.1039415,2.5316456,0,2.5316456,1
161,27,90,1.95,3,3,72,6,10,65,0,5,34946,3.43,7.88,1.09,12.7,3,0.24,-4.3,8.3,0.53,3,1900,2,3,48,5824,0,1,6.78,1.48,5824.333333,8.6697998,10.4615593,2986.837607,0,1,0,1.5384615,0,1,0,12.4,433330.4,0,0,1,0,0,0,0,1,1,0,1,0,0,1,1,0,0,1,0,0,0,1,0,1,0.0833333,1,0,0.2487282,1.5384615,0.5128205,1.5384615,1
162,14,90,2.18,4,3,84,6,10,65,0,5,31350,3.43,7.88,1.09,12.7,1,1.5,4,2.5,0.3,3,2500,2,5,50.8,4479,2,1,6.78,1.48,4478.571429,8.4070594,10.3529695,2054.390564,0,0,1,1.3761468,0,1,0,12.4,388740,0,0,0,0,1,0,0,1,1,0,1,0,0,1,0,0,1,0,1,0,0,1,0,1,0.0833333,1,0,0.249452,1.3761468,0.4587156,0.4587156,1
163,8,90,0.97,3,3,72,6,6,65,0,5,34386,3.97,11.75,2.48,15.5,1,0.4,-1.28,1.68,0.84,1,4000,2,5,48,5731,0,0,10.98,6.75,5731,8.6536453,10.4454048,5908.247423,0,1,0,1.0309278,0,1,0,18.2,625825.2,0,0,0,0,1,0,0,1,1,0,1,0,0,1,1,0,0,1,0,0,0,1,0,1,0.0833333,1,0,0.1217436,1.0309278,0,1.0309278,1
164,11,90,1.47,3,3,72,6,8,65,0,5,33212,3.97,11.75,2.48,15.5,4,0.28,3.06,3.03,1.62,3,2492,2,5,45.8,5535,1,1,10.98,6.75,5535.333333,8.6189071,10.4106665,3765.53288,0,1,0,2.0408163,0,1,0,18.2,604458.4,0,0,0,0,1,0,0,1,1,0,1,0,0,1,0,1,0,1,0,0,0,1,0,1,0.0833333,1,0,0.178199,2.0408163,0.6802721,2.7210884,1
165,5,90,1.22,3,3,72,6,6,65,0,5,25933,3.97,11.75,2.48,15.5,2,0.03,1.98,1.95,0.11,2,8000,2,5,44,4322,2,1,10.98,6.75,4322.166667,8.3715121,10.1632716,3542.759563,0,1,0,1.6393443,0,1,0,18.2,471980.6,0,0,0,0,1,0,0,1,1,0,1,0,0,1,0,0,1,0,1,0,0,1,0,1,0.0833333,1,0,0.1154796,1.6393443,0.8196721,1.6393443,1
166,5,90,0.52,4,3,84,6,8,65,0,5,23983,3.97,11.75,2.48,15.5,1,1.14,5,3.6,0.35,2,2100,2,3,44,3426,1,0,10.98,6.75,3426.142857,8.1391904,10.0851005,6588.736264,0,1,0,3.8461538,0,0,1,18.2,436490.6,0,0,1,0,0,0,0,1,1,0,1,0,0,1,0,1,0,1,0,0,0,1,0,1,0.0833333,1,0,0.0455197,3.8461538,0,1.9230769,1
167,7,90,1.62,4,3,84,6,10,65,0,5,23790,3.97,11.75,2.48,15.5,2,0.94,3,3.99,0.17,2,4000,2,5,47.5,3399,0,0,10.98,6.75,3398.571429,8.1311105,10.0770206,2097.883598,0,1,0,1.2345679,0,1,0,18.2,432978,0,0,0,0,1,0,0,1,1,0,1,0,0,1,1,0,0,1,0,0,0,1,0,1,0.0833333,1,0,0.1406703,1.2345679,0,1.2345679,1
168,7,90,1.48,3,3,72,6,10,65,0,5,23790,3.97,11.75,2.48,15.5,2,0.4,3,2.6,0.23,4,1964,2,5,46.8,3965,0,0,10.98,6.75,3965,8.2852611,10.0770206,2679.054054,0,1,0,2.7027027,0,0,1,18.2,432978,0,0,0,0,1,0,0,1,1,0,1,0,0,1,1,0,0,1,0,0,0,1,0,1,0.0833333,1,0,0.1285136,2.7027027,0,1.3513514,1
169,6,90,0.94,3,3,72,6,10,65,0,5,20394,3.97,11.75,2.48,15.5,1,1.3,1.82,0.52,0.43,2,6854,2,4,47.5,3399,2,1,0.51,0.28,3399,8.1312365,9.922996,3615.957447,0,1,0,2.1276596,0,1,0,18.2,371170.8,0,0,0,1,0,0,0,1,1,0,1,0,0,1,0,0,1,0,1,1,0,0,1,0,0.0833333,1,0,0.0699718,2.1276596,1.0638298,1.0638298,1
170,16,90,1.9,2,2,48,4,4,65,0,5,23106,3.88,12.67,4.03,17,5,0,1.51,1.51,0.27,4,1146,2,5,44.5,5777,2,0,0.51,0.28,5776.5,8.6615532,10.0478476,3040.263158,0,1,0,2.1052632,0,1,0,20.58,475521.48,0,0,0,0,1,0,0,1,1,0,1,0,0,1,0,0,1,0,1,1,0,0,1,0,0.0833333,1,0,0.1602401,2.1052632,0,2.6315789,1
171,47,90,4.31,2,2,48,4,4,65,0,5,23106,3.88,12.67,4.03,17,8,0,-2.6,3.35,0.35,8,1146,2,5,44.6,5777,0,2,0.51,0.28,5776.5,8.6615532,10.0478476,1340.25522,0,1,0,1.8561485,0,1,0,20.58,475521.48,0,0,0,0,1,0,0,1,1,0,1,0,0,1,1,0,0,1,0,1,0,0,1,0,0.0833333,1,0,0.363492,1.8561485,0.4640371,1.8561485,1
172,8,90,1.3,2,2,48,4,4,65,0,5,19631,4.46,13.2,4.48,17,3,-0.44,-1.98,1.44,0.19,0,0,2,5,45.3,4908,0,2,0.51,0.28,4907.75,8.4985709,9.8848652,3775.192308,0,1,0,0,1,0,0,22.14,434630.34,0,0,0,0,1,0,0,1,1,0,1,0,0,1,1,0,0,1,0,1,0,0,1,0,0.0833333,1,0,0.0931491,0,1.5384615,2.3076923,1
173,20,90,2.73,2,2,63,4,4,65,0,5,21433,3.95,13.73,4.32,17,5,-0.01,3.04,3.73,1.33,4,2865,2,5,45.5,5358,0,1,3.13,9.63,5358.25,8.5863927,9.9726871,1962.728938,0,1,0,1.4652015,0,1,0,22,471526,0,0,0,0,1,0,0,1,1,0,1,0,0,1,1,0,0,1,0,0,0,1,0,1,0.0634921,1,0,0.2135691,1.4652015,0.3663004,1.8315018,1
174,9,90,1.29,2,2,48,4,4,65,0,5,20306,3.95,13.73,4.32,17,3,-0.04,-3,2.95,0.11,3,2865,2,5,45,5077,1,0,3.13,9.63,5076.5,8.5323773,9.9186717,3935.271318,0,1,0,2.3255814,0,1,0,22,446732,0,0,0,0,1,0,0,1,1,0,1,0,0,1,0,1,0,1,0,0,0,1,0,1,0.0833333,1,0,0.0956108,2.3255814,0,2.3255814,1
175,22,90,2.68,2,2,48,4,4,65,0,5,21019,4.74,13.37,4.51,17,5,-0.04,3.03,2.71,0.14,2,2865,2,5,44.2,5255,0,1,3.13,9.63,5254.75,8.5668877,9.9531821,1960.727612,0,1,0,0.7462687,0,1,0,22.62,475449.78,0,0,0,0,1,0,0,1,1,0,1,0,0,1,1,0,0,1,0,0,0,1,0,1,0.0833333,1,0,0.2056079,0.7462687,0.3731343,1.8656716,1
176,19,90,1.56,2,2,48,4,4,65,0,5,22492,5.02,12.18,3.89,17,2,-0.05,-3.76,4.13,0.9,1,1515,2,5,43.5,5623,0,1,3.13,9.63,5623,8.6346206,10.020915,3604.48718,0,1,0,0.6410256,0,1,0,21.09,474356.28,0,0,0,0,1,0,0,1,1,0,1,0,0,1,1,0,0,1,0,0,0,1,0,1,0.0833333,1,0,0.1280694,0.6410256,0.6410256,1.2820513,1
177,21,90,2.09,2,2,48,4,4,65,0,5,21065,5.02,12.18,3.89,17,3,-0.28,2.93,4.08,1.73,2,1910,2,5,43.8,5266,0,1,3.13,9.63,5266.25,8.5690738,9.9553682,2519.736842,0,1,0,0.9569378,0,1,0,21.09,444260.85,0,0,0,0,1,0,0,1,1,0,1,0,0,1,1,0,0,1,0,0,0,1,0,1,0.0833333,1,0,0.1606944,0.9569378,0.4784689,1.4354067,1
178,2,90,0.59,2,2,48,4,4,65,0,5,19911,3.8,14.3,5,17.4,1,-0.33,-2.11,1.78,0.57,1,5730,2,2,43,4978,0,1,3.13,9.63,4977.75,8.5127333,9.8990276,8436.864407,0,1,0,1.6949153,0,1,0,23.1,459944.1,0,1,0,0,0,0,0,1,1,0,1,0,0,1,1,0,0,1,0,0,0,1,0,1,0.0833333,1,0,0.0428783,1.6949153,1.6949153,1.6949153,1
179,7,90,2,2,2,48,4,4,65,0,5,19911,3.8,14.3,5,17.4,2,-0.31,-0.66,0.87,0.48,1,5730,2,5,47.3,4978,0,2,3.13,9.63,4977.75,8.5127333,9.8990276,2488.875,0,1,0,0.5,1,0,0,23.1,459944.1,0,0,0,0,1,0,0,1,1,0,1,0,0,1,1,0,0,1,0,0,0,1,0,1,0.0833333,1,0,0.1453503,0.5,1,1,1
180,35,90,3.93,2,2,54,4,4,65,0,5,21238,4.07,13.28,4.79,17.4,5,0.23,4,4.9,0.24,5,1910,2,5,46.8,5310,1,0,3.13,9.63,5309.5,8.5772529,9.9635473,1351.017812,0,1,0,1.2722646,0,1,0,22.14,470209.32,0,0,0,0,1,0,0,1,1,0,1,0,0,1,0,1,0,1,0,0,0,1,0,1,0.0740741,1,0,0.3046485,1.2722646,0,1.2722646,1
181,21,90,6.59,2,2,48,4,4,65,0,5,17403,4.1,13.3,4.8,17.4,7,-1.09,-4.6,6.36,0.42,9,1637,2,5,44.4,4351,0,1,3.13,9.63,4350.75,8.3781035,9.7643979,660.2048558,0,1,0,1.3657056,0,1,0,22.2,386346.6,0,0,0,0,1,0,0,1,1,0,1,0,0,1,1,0,0,1,0,0,0,1,0,1,0.0833333,1,0,0.4186031,1.3657056,0.1517451,1.0622155,1
182,20,90,5.2,2,2,48,4,4,65,0,5,16427,5.19,15.6,5.39,17.4,7,0.4,-2.24,2.15,0.26,5,1910,2,5,46.3,4107,0,1,0.69,0.55,4106.75,8.3203872,9.7066816,789.7596154,0,1,0,0.9615385,0,1,0,26.18,430058.86,0,0,0,0,1,0,0,1,1,0,1,0,0,1,1,0,0,1,0,1,0,0,1,0,0.0833333,1,0,0.3117845,0.9615385,0.1923077,1.3461538,1
183,0,90,0.58,2,2,48,4,4,65,0,5,18096,4.4,13.69,4.63,17.4,3,-0.18,-1.97,1.79,0.95,1,2865,2,5,58.5,4524,0,0,0.69,0.55,4524,8.4171518,9.8034462,7800,0,0,1,1.7241379,0,1,0,22.72,411141.12,0,0,0,0,1,0,0,1,1,0,1,0,0,1,1,0,0,1,0,1,0,0,1,0,0.0833333,1,0,0.0383092,1.7241379,0,5.1724138,1
184,4,90,1.46,2,2,48,4,4,65,0,5,18096,4.4,13.69,4.63,17.4,2,-0.29,-1.66,1.26,1.6,2,2865,2,5,58,4524,0,0,0.69,0.55,4524,8.4171518,9.8034462,3098.630137,0,0,1,1.369863,0,1,0,22.72,411141.12,0,0,0,0,1,0,0,1,1,0,1,0,0,1,1,0,0,1,0,1,0,0,1,0,0.0833333,1,0,0.0964336,1.369863,0,1.369863,1
185,7,90,2.64,2,2,48,4,4,65,0,5,18096,4.4,13.69,4.63,17.4,2,-0.2,-1.4,1.11,1.14,2,11460,2,5,56.3,4524,0,1,0.69,0.55,4524,8.4171518,9.8034462,1713.636364,0,0,1,0.7575758,0,1,0,22.72,411141.12,0,0,0,0,1,0,0,1,1,0,1,0,0,1,1,0,0,1,0,1,0,0,1,0,0.0833333,1,0,0.1743731,0.7575758,0.3787879,0.7575758,1
186,2,90,0.86,2,2,48,4,4,65,0,5,19053,4.04,12.68,4.66,17.4,2,-0.28,2.1,2.38,1.27,0,0,2,5,56.5,4763,0,0,0.69,0.55,4763.25,8.4686855,9.8549798,5538.662791,0,0,1,0,1,0,0,21.38,407353.14,0,0,0,0,1,0,0,1,1,0,1,0,0,1,1,0,0,1,0,1,0,0,1,0,0.0833333,1,0,0.0598074,0,0,2.3255814,1
187,0,90,0.8,2,2,62,4,4,65,0,5,19053,4.04,12.68,4.66,17.4,1,-0.37,-2.7,2.33,2.04,1,2865,2,5,57.5,4763,0,0,0.69,0.55,4763.25,8.4686855,9.8549798,5954.0625,0,0,1,1.25,0,1,0,21.38,407353.14,0,0,0,0,1,0,0,1,1,0,1,0,0,1,1,0,0,1,0,1,0,0,1,0,0.0645161,1,0,0.0556348,1.25,0,1.25,1
188,42,90,11.5,2,2,57,4,4,65,1,5,19053,4.04,12.68,4.66,17.4,10,0.25,-2.94,3.3,0.56,14,1700,2,5,60.8,4763,0,2,0.69,0.55,4763.25,8.4686855,9.8549798,414.1956522,0,0,1,1.2173913,0,1,0,21.38,407353.14,0,0,0,0,1,0,0,1,1,0,1,0,0,1,1,0,0,1,0,1,0,0,1,0,0.0701754,1,0,0.7997497,1.2173913,0.173913,0.8695652,1
189,29,90,15.28,2,2,48,4,4,65,0,5,9802,9.48,11.5,4.66,19.4,16,0.04,4.13,8.25,0.32,29,1500,2,5,61.2,2451,3,1,0.69,0.55,2450.5,7.8040474,9.1903417,160.3730366,0,0,1,1.8979058,0,1,0,25.64,251323.28,0,0,0,0,1,0,0,1,1,0,1,0,0,1,0,0,0,0,0,1,0,0,1,0,0.0833333,1,0,0.5466771,1.8979058,0.065445,1.0471204,1
190,7,90,4.61,2,2,48,4,4,65,0,5,9563,5.67,13.26,4.87,19.4,7,0.23,4.95,4.18,0.23,5,2292,2,5,51.8,2391,0,1,0.55,0,2390.75,7.7793624,9.1656568,518.6008677,0,0,1,1.0845987,0,1,0,23.8,227599.4,0,0,0,0,1,0,0,1,1,0,1,0,0,1,1,0,0,1,0,1,0,0,1,0,0.0833333,1,0,0.1609118,1.0845987,0.2169197,1.5184382,1
191,1,90,0.63,2,2,48,4,4,65,0,5,9563,5.67,13.26,4.87,19.4,1,0.15,-3.47,3.62,1.19,1,5730,2,5,50.5,2391,0,1,0.55,0,2390.75,7.7793624,9.1656568,3794.84127,0,0,1,1.5873016,0,1,0,23.8,227599.4,0,0,0,0,1,0,0,1,1,0,1,0,0,1,1,0,0,1,0,1,0,0,1,0,0.0833333,1,0,0.0219901,1.5873016,1.5873016,1.5873016,1
192,8,90,5.28,2,2,48,4,4,65,0,5,9120,5.06,14,4.69,19.4,7,-0.01,1.97,1.41,1.51,3,5730,2,3,51,2280,1,1,0.55,0,2280,7.7319307,9.1182251,431.8181818,0,0,1,0.5681818,0,1,0,23.75,216600,0,0,1,0,0,0,0,1,1,0,1,0,0,1,0,1,0,1,0,1,0,0,1,0,0.0833333,1,0,0.1757606,0.5681818,0.1893939,1.3257576,1
193,6,90,1.64,2,2,48,4,4,65,0,5,7730,4.53,13.21,4.38,19.4,5,0,3,2.24,0.17,2,2084,2,2,53,1933,1,0,0.55,0,1932.5,7.5665698,8.9528641,1178.353659,0,0,1,1.2195122,0,1,0,22.12,170987.6,0,1,0,0,0,0,0,1,1,0,1,0,0,1,0,1,0,1,0,1,0,0,1,0,0.0833333,1,0,0.0462718,1.2195122,0,3.0487805,1
194,11,90,4.77,2,2,48,4,4,65,0,5,7730,4.5,13.2,4.4,19.4,4,-0.1,-2.5,2.4,0.23,2,2324,2,2,52.9,1933,1,0,0.55,0,1932.5,7.5665698,8.9528641,405.1362683,0,0,1,0.4192872,1,0,0,22.1,170833,0,1,0,0,0,0,0,1,1,0,1,0,0,1,0,1,0,1,0,1,0,0,1,0,0.0833333,1,0,0.1345832,0.4192872,0,0.8385744,1
195,10,90,4.46,2,2,48,4,4,65,0,5,8582,4.68,14.67,4.3,19.4,4,-0.07,1.45,1.52,0.22,2,38400,2,5,53.1,2146,1,0,0.55,0,2145.5,7.6711279,9.0574223,481.0538117,0,0,1,0.4484305,1,0,0,23.65,202964.3,0,0,0,0,1,0,0,1,1,0,1,0,0,1,0,1,0,1,0,1,0,0,1,0,0.0833333,1,0,0.1397064,0.4484305,0,0.896861,1
196,19,90,9.49,2,2,48,4,4,65,0,5,8582,4.68,14.67,4.3,19.4,14,0,2.93,3.34,0.13,1,38400,2,2,51.7,2146,1,1,0.55,0.33,2145.5,7.6711279,9.0574223,226.0800843,0,0,1,0.1053741,1,0,0,23.65,202964.3,0,1,0,0,0,0,0,1,1,0,1,0,0,1,0,1,0,1,0,1,0,0,1,0,0.0833333,1,0,0.2972676,0.1053741,0.1053741,1.4752371,1
197,1,90,0.51,2,2,48,4,4,65,0,5,10769,4.8,9.9,3.1,19.4,2,0.05,-1.09,1.14,9.66,0,0,2,5,51.7,2692,1,0,0.55,0.33,2692.25,7.8981326,9.2844269,5278.921569,0,0,1,0,1,0,0,17.8,191688.2,0,0,0,0,1,0,0,1,1,0,1,0,0,1,0,1,0,1,0,1,0,0,1,0,0.0833333,1,0,0.0200465,0,0,3.9215686,1
198,8,90,3.54,2,2,48,4,4,65,0,5,10769,4.8,9.9,3.1,19.4,10,0.05,-1.54,2.98,10.2,1,11460,2,2,52.6,2692,1,0,0.55,0.33,2692.25,7.8981326,9.2844269,760.5225989,0,0,1,0.2824859,1,0,0,17.8,191688.2,0,1,0,0,0,0,0,1,1,0,1,0,0,1,0,1,0,1,0,1,0,0,1,0,0.0833333,1,0,0.1391462,0.2824859,0,2.8248588,1
199,2,90,2.01,2,2,48,4,4,65,0,5,8506,5.05,12.75,3.73,15.9,3,0.05,2.29,2.16,0.46,0,0,2,2,54.3,2127,1,0,0.61,0,2126.5,7.6622327,9.0485271,1057.960199,0,0,1,0,1,0,0,21.53,183134.18,0,1,0,0,0,0,0,1,1,0,1,0,0,1,0,1,0,1,0,1,0,0,1,0,0.0833333,1,0,0.0624043,0,0,1.4925373,1
200,1,90,0.98,2,2,48,4,4,65,0,5,8506,5.05,12.75,3.73,15.9,2,0.4,-2.5,3.7,2.61,0,0,2,2,53,2127,1,0,0.61,0,2126.5,7.6622327,9.0485271,2169.897959,0,0,1,0,1,0,0,21.53,183134.18,0,1,0,0,0,0,0,1,1,0,1,0,0,1,0,1,0,1,0,1,0,0,1,0,0.0833333,1,0,0.030426,0,0,2.0408163,1
201,15,90,7.34,2,2,48,4,4,65,0,5,8506,5.05,12.75,3.73,15.9,13,0.1,-3.39,3.36,3.96,3,5730,2,2,55.2,2127,1,2,0.61,0,2126.5,7.6622327,9.0485271,289.7138965,0,0,1,0.4087193,1,0,0,21.53,183134.18,0,1,0,0,0,0,0,1,1,0,1,0,0,1,0,1,0,1,0,1,0,0,1,0,0.0833333,1,0,0.2278842,0.4087193,0.2724796,1.7711172,1
202,3,90,1.47,2,2,48,4,4,65,0,5,8297,4.79,13.87,4.14,15.7,0,0,0.42,0.4,2.67,2,11460,2,2,48.5,2074,1,0,0.61,0,2074.25,7.6373549,9.0236493,1411.054422,0,1,0,1.3605442,0,1,0,22.8,189171.6,0,1,0,0,0,0,0,1,1,0,1,0,0,1,0,1,0,1,0,1,0,0,1,0,0.0833333,1,0,0.0445176,1.3605442,0,0,1
203,1,90,0.68,2,2,48,4,4,65,0,5,8297,4.79,13.87,4.14,15.7,1,0.42,1.18,0.76,0.07,2,7672,2,4,56.5,2074,2,0,0.61,0,2074.25,7.6373549,9.0236493,3050.367647,0,0,1,2.9411765,0,0,1,22.8,189171.6,0,0,0,1,0,0,0,1,1,0,1,0,0,1,0,0,1,0,1,1,0,0,1,0,0.0833333,1,0,0.0205932,2.9411765,0,1.4705882,1
204,4,90,1.01,2,2,48,4,6,65,0,5,8297,4.79,13.87,4.14,15.7,1,-0.15,1.18,1.03,0.32,2,8000,2,5,55.8,2074,2,0,0.61,0,2074.25,7.6373549,9.0236493,2053.712871,0,0,1,1.980198,0,1,0,22.8,189171.6,0,0,0,0,1,0,0,1,1,0,1,0,0,1,0,0,1,0,1,1,0,0,1,0,0.0833333,1,0,0.0305869,1.980198,0,0.990099,1
205,1,90,1.12,2,2,48,4,6,65,0,5,8297,4.79,13.87,4.14,15.7,3,-0.15,3,2.65,0.21,0,0,2,5,56.3,2074,1,0,0.89,0.92,2074.25,7.6373549,9.0236493,1852.008929,0,0,1,0,1,0,0,22.8,189171.6,0,0,0,0,1,0,0,1,1,0,1,0,0,1,0,1,0,1,0,1,0,0,1,0,0.0833333,1,0,0.0339181,0,0,2.6785714,1
206,3,90,1.31,2,2,48,4,4,65,0,5,8297,4.79,13.87,4.14,15.7,2,1.95,3,5.39,2.8,2,12000,2,5,56.2,2074,0,0,0.89,0.92,2074.25,7.6373549,9.0236493,1583.396947,0,0,1,1.5267176,0,1,0,22.8,189171.6,0,0,0,0,1,0,0,1,1,0,1,0,0,1,1,0,0,1,0,1,0,0,1,0,0.0833333,1,0,0.0396721,1.5267176,0,1.5267176,1
207,12,90,5.12,2,2,48,4,4,65,0,5,8161,4.79,13.87,4.14,15.7,6,-0.31,2.58,4.31,1.95,2,8000,2,5,51.6,2040,0,0,0.89,0.92,2040.25,7.6208276,9.007122,398.4863281,0,0,1,0.390625,1,0,0,22.8,186070.8,0,0,0,0,1,0,0,1,1,0,1,0,0,1,1,0,0,1,0,1,0,0,1,0,0.0833333,1,0,0.1525128,0.390625,0,1.171875,1
208,7,90,6.21,2,2,48,4,6,65,0,5,8161,4.79,13.87,4.14,15.7,6,0.1,-3.12,3.65,0.64,4,8000,2,5,54.7,2040,2,0,0.89,0.92,2040.25,7.6208276,9.007122,328.5426731,0,0,1,0.6441224,0,1,0,22.8,186070.8,0,0,0,0,1,0,0,1,1,0,1,0,0,1,0,0,1,0,1,1,0,0,1,0,0.0833333,1,0,0.1849813,0.6441224,0,0.9661836,1
209,14,90,6.7,2,2,48,4,6,65,0,5,8263,4.79,13.87,4.14,15.7,3,0.5,2.74,3.19,2.94,3,8186,2,5,54.3,2066,0,1,1.08,1.8,2065.75,7.6332486,9.019543,308.3208955,0,0,1,0.4477612,1,0,0,22.8,188396.4,0,0,0,0,1,0,0,1,1,0,1,0,0,1,1,0,0,1,0,1,0,0,0,1,0.0833333,1,0,0.2020717,0.4477612,0.1492537,0.4477612,1
210,17,90,7.06,2,2,48,4,4,65,0,5,10642,5.1,16.43,6.25,13.6,5,0.12,-2.37,3.8,3.58,1,8186,2,5,52.4,2661,0,1,1.08,1.8,2660.5,7.8862694,9.2725637,376.8413598,0,0,1,0.1416431,1,0,0,27.78,295634.76,0,0,0,0,1,0,0,1,1,0,1,0,0,1,1,0,0,1,0,1,0,0,0,1,0.0833333,1,0,0.2742337,0.1416431,0.1416431,0.7082153,1
211,35,90,13.1,2,2,48,4,4,65,0,5,11542,5.1,13.5,4.9,13.6,14,0.06,3.05,3.58,7.4,10,5730,2,5,53.1,2886,0,1,1.08,1.8,2885.5,7.9674535,9.3537478,220.2671756,0,0,1,0.7633588,0,1,0,23.5,271237,0,0,0,0,1,0,0,1,1,0,1,0,0,1,1,0,0,1,0,1,0,0,0,1,0.0833333,1,0,0.5518807,0.7633588,0.0763359,1.0687023,1
212,12,90,2.58,2,2,48,4,4,65,0,5,12405,4.83,12.77,4.67,13.6,5,0.3,2.16,3,1.3,3,6486,2,5,55.5,3101,2,0,1.1,2.8,3101.25,8.0395605,9.4258549,1202.034884,0,0,1,1.1627907,0,1,0,22.27,276259.35,0,0,0,0,1,0,0,1,1,0,1,0,0,1,0,0,1,0,1,1,0,0,0,1,0.0833333,1,0,0.1168179,1.1627907,0,1.9379845,1
213,11,90,3.64,2,2,48,4,4,65,0,5,12405,4.83,12.77,4.67,13.6,5,0.35,1.24,1.68,0.28,1,11459,2,5,58.6,3101,1,0,1.1,2.8,3101.25,8.0395605,9.4258549,851.9917582,0,0,1,0.2747253,1,0,0,22.27,276259.35,0,0,0,0,1,0,0,1,1,0,1,0,0,1,0,1,0,1,0,1,0,0,0,1,0.0833333,1,0,0.1648128,0.2747253,0,1.3736264,1
214,64,90,19.3,2,2,48,4,4,65,0,5,11924,4.68,12.87,4.67,13.6,28,-0.3,2,3.25,3.89,9,7640,2,5,54.4,2981,0,3,1.1,2.8,2981,8.0000141,9.3863085,154.4559585,0,0,1,0.4663212,1,0,0,22.22,264951.28,0,0,0,0,1,0,0,1,1,0,1,0,0,1,1,0,0,1,0,1,0,0,0,1,0.0833333,1,0,0.8399862,0.4663212,0.1554404,1.4507772,1
215,55,90,5.8,2,2,48,4,10,65,0,5,11925,4.35,16.61,5.93,13.6,6,-0.09,2.25,4.25,0.37,6,1910,2,5,56.3,2981,0,3,1.63,4.16,2981.25,8.000098,9.3863923,514.0086207,0,0,1,1.0344828,0,1,0,26.89,320663.25,0,0,0,0,1,0,0,1,1,0,1,0,0,1,1,0,0,1,0,0,1,0,0,1,0.0833333,1,0,0.2524522,1.0344828,0.5172414,1.0344828,1
216,24,90,1.58,2,2,48,4,4,55,1,5,31374,2.5,6.9,2.4,13.6,2,-0.48,-3.4,2.9,0.06,1,7639,2,2,44.5,7844,0,1,1.63,4.16,7843.5,8.9674404,10.3537348,4964.240506,0,1,0,0.6329114,0,1,0,11.8,370213.2,0,1,0,0,0,0,1,0,1,0,1,0,0,1,1,0,0,1,0,0,1,0,0,1,0.0833333,1,0,0.1809339,0.6329114,0.6329114,1.2658228,1
217,0,90,0.95,2,2,48,4,4,55,1,5,66268,4.78,3.69,0.79,10,3,0.21,-2.8,3.01,0.42,1,5730,2,2,50.5,16567,-1,1,1.63,4.16,16567,9.715168,11.1014624,17438.94737,0,0,1,1.0526316,0,1,0,9.26,613641.68,0,1,0,0,0,0,1,0,1,0,1,0,0,1,0,0,0,0,0,0,1,0,0,1,0.0833333,1,0,0.2297843,1.0526316,1.0526316,3.1578947,1
218,135,90,12.4,2,2,48,4,4,55,1,5,66767,4.78,3.69,0.79,10,21,0.05,-3.03,5.51,0.68,9,2865,2,2,51.5,16692,0,4,1.63,4.16,16691.75,9.7226699,11.1089642,1346.108871,0,0,1,0.7258065,0,1,0,9.26,618262.42,0,1,0,0,0,0,1,0,1,0,1,0,0,1,1,0,0,1,0,0,1,0,0,1,0.0833333,1,0,3.0218744,0.7258065,0.3225806,1.6935484,1
219,23,99,2.15,2,2,48,6,16,55,1,1,33922,3.7,2.3,0.1,8.91,4,-0.02,2.5,3.45,0.14,3,5730,2,3,49.5,8481,0,1,3.73,1.13,8480.5,9.0455247,10.4318191,3944.418605,0,1,0,1.3953488,0,1,0,6.1,206924.2,0,0,1,0,0,0,1,0,1,1,0,0,0,1,1,0,0,1,0,0,0,1,0,1,0.0833333,1,0,0.2662029,1.3953488,0.4651163,1.8604651,1
220,12,99,0.63,2,2,48,6,6,55,1,1,41496,3.7,2.3,0.1,10.04,1,0.06,-3.32,3.58,0.33,0,0,2,3,44,10374,0,0,3.21,0.55,10374,9.247058,10.6333523,16466.66667,0,1,0,0,1,0,0,6.1,253125.6,0,0,1,0,0,0,1,0,1,1,0,0,0,1,1,0,0,1,0,0,0,1,1,0,0.0833333,1,0,0.0954201,0,0,1.5873016,1
221,0,101,0.9,2,2,50,0,0,40,1,1,10000,7,3,0,-99,18,0,-3.4,1.56,-99,4,477,1,1,47,2500,0,0,9.27,0,2500,7.824046,9.2103404,2777.777778,0,1,0,4.4444444,0,0,1,10,100000,1,0,0,0,0,1,1,0,0,1,0,0,1,0,1,0,0,1,0,0,0,1,1,0,0.08,1,0,0.03285,4.4444444,0,20,1
222,5,101,1.64,2,2,48,4,7,55,1,1,18695,4.92,2.09,0.61,8.43,4,1,3.45,4.38,0.41,4,1900,1,2,60.5,4674,0,0,2.96,0.1,4673.75,8.449717,9.8360114,2849.847561,0,0,1,2.4390244,0,1,0,7.62,142455.9,0,1,0,0,0,0,1,0,1,1,0,0,1,0,1,0,0,1,0,0,0,1,1,0,0.0833333,1,0,0.1119083,2.4390244,0,2.4390244,1
223,5,101,0.57,2,2,46,0,0,55,1,1,14365,5.17,2.7,0.56,8.37,3,0.5,5.15,4.65,1.22,0,0,0,1,59.5,3591,0,0,2.96,0.1,3591.25,8.1862556,9.57255,6300.438597,0,0,1,0,1,0,0,8.43,121096.95,1,0,0,0,0,0,1,0,1,1,0,1,0,0,1,0,0,1,0,0,0,1,1,0,0.0869565,1,0,0.0298864,0,0,5.2631579,1
224,16,101,1.68,2,2,48,0,8,45,1,1,14684,4.19,2.45,0.44,8.18,6,0.38,2.37,2.87,1.95,1,7500,0,1,58.5,3671,0,0,1.68,0.04,3671,8.2082194,9.5945137,2185.119048,0,0,1,0.5952381,0,1,0,7.08,103962.72,1,0,0,0,0,1,1,0,0,1,0,1,0,0,1,0,0,1,0,0,1,0,1,0,0.0833333,1,0,0.0900423,0.5952381,0,3.5714286,1
225,12,101,3.02,2,1,36,4,4,55,1,1,11157,5.1,3.4,1.1,9.5,9,-0.25,2.64,4.3,0.11,3,2865,1,2,46.5,3719,0,1,6.33,0,3719,8.2212101,9.3198224,1231.456954,0,1,0,0.9933775,0,1,0,9.6,107107.2,0,1,0,0,0,0,1,0,1,1,0,0,1,0,1,0,0,1,0,0,0,1,1,0,0.0833333,1,0,0.1229836,0.9933775,0.3311258,2.9801325,1
226,9,101,2.31,2,2,48,4,4,55,1,1,16610,3.69,2.46,0.64,8.99,6,-0.05,-3.71,5.7,0.25,4,2292,1,2,47,4153,0,0,6.33,0,4152.5,8.3314658,9.7177602,1797.619048,0,1,0,1.7316017,0,1,0,6.79,112781.9,0,1,0,0,0,0,1,0,1,1,0,0,1,0,1,0,0,1,0,0,0,1,1,0,0.0833333,1,0,0.1400472,1.7316017,0,2.5974026,1
227,28,101,5.17,2,2,48,4,4,55,1,1,16549,3.69,2.46,0.64,9.2,9,-0.05,-3.47,6.55,0.41,11,1433,1,2,46.6,4137,0,0,6.33,0,4137.25,8.3277866,9.714081,800.2417795,0,1,0,2.1276596,0,1,0,6.79,112367.71,0,1,0,0,0,0,1,0,1,1,0,0,1,0,1,0,0,1,0,0,0,1,1,0,0.0833333,1,0,0.3122879,2.1276596,0,1.7408124,1
228,5,101,0.59,2,2,48,4,4,55,1,1,22581,4.7,2.7,0.4,10.3,1,0.3,-3.95,3.92,0.06,2,1433,1,2,53,5645,1,0,5.28,2.63,5645.25,8.6385698,10.0248641,9568.220339,0,0,1,3.3898305,0,0,1,7.8,176131.8,0,1,0,0,0,0,1,0,1,1,0,0,1,0,0,1,0,1,0,0,0,1,0,1,0.0833333,1,0,0.0486282,3.3898305,0,1.6949153,1
229,8,101,0.7,2,2,48,4,4,55,1,1,36800,4.15,3.14,0.74,10.4,2,0,-0.8,0.8,0.44,1,11460,2,2,53,9200,1,0,5.28,2.63,9200,9.1269588,10.5132531,13142.85714,0,0,1,1.4285714,0,1,0,8.03,295504,0,1,0,0,0,0,1,0,1,1,0,0,0,1,0,1,0,1,0,0,0,1,0,1,0.0833333,1,0,0.094024,1.4285714,0,2.8571429,1
230,13,101,2.07,2,2,48,4,4,55,0,1,26895,4.15,3.14,0.74,9.07,2,0,-2.5,2,0.69,2,2865,2,2,52.8,6724,1,1,5.28,2.63,6723.75,8.8134013,10.1996957,3248.188406,0,0,1,0.9661836,0,1,0,8.03,215966.85,0,1,0,0,0,0,1,0,1,1,0,0,0,1,0,1,0,1,0,0,0,1,0,1,0.0833333,1,0,0.2032052,0.9661836,0.4830918,0.9661836,1
231,38,101,0.92,2,2,48,4,4,55,0,1,52487,3.63,2.64,0.47,8.5,3,0.5,-3.5,4,1.11,2,1433,2,2,52.8,13122,1,1,5.28,2.63,13121.75,9.4820264,10.8683208,14262.77174,0,0,1,2.173913,0,1,0,6.74,353762.38,0,1,0,0,0,0,1,0,1,1,0,0,0,1,0,1,0,1,0,0,0,1,0,1,0.0833333,1,0,0.1762513,2.173913,1.0869565,3.2608696,1
232,109,167,1.06,2,2,48,0,6,55,1,1,29659,3.34,1.51,0.26,8.1,10,-0.03,3.01,4.94,0.51,1,2000,2,5,53.7,7415,0,2,4.03,0,7414.75,8.9112265,10.2975209,6995.04717,0,0,1,0.9433962,0,1,0,5.11,151557.49,0,0,0,0,1,0,1,0,1,1,0,0,0,1,1,0,0,1,0,0,0,1,1,0,0.0833333,1,0,0.1147507,0.9433962,1.8867925,9.4339623,1
233,26,167,3.05,2,2,48,4,10,55,1,1,53070,3.13,4.02,0.86,8.23,3,0,-3,3,0.84,3,2200,2,5,51.5,13268,0,1,4.03,0,13267.5,9.4930727,10.8793671,4350,0,0,1,0.9836066,0,1,0,8.01,425090.7,0,0,0,0,1,0,1,0,1,1,0,0,0,1,1,0,0,1,0,0,0,1,1,0,0.0833333,1,0,0.5908018,0.9836066,0.3278689,0.9836066,1
234,5,167,0.75,2,2,62,4,10,55,1,1,53070,3.13,4.02,0.86,8.2,2,0.02,-1.69,1.67,0.47,0,0,2,5,51,13268,0,1,4.03,0,13267.5,9.4930727,10.8793671,17690,0,0,1,0,1,0,0,8.01,425090.7,0,0,0,0,1,0,1,0,1,1,0,0,0,1,1,0,0,1,0,0,0,1,1,0,0.0645161,1,0,0.1452791,0,1.3333333,2.6666667,1
235,25,167,1.23,2,2,48,4,4,55,1,1,63053,3.5,4.1,0.6,8.68,1,-0.08,1.42,1.5,0.06,2,5000,2,5,50,15763,1,1,4.03,0,15763.25,9.6654366,11.0517309,12815.65041,0,0,1,1.6260163,0,1,0,8.2,517034.6,0,0,0,0,1,0,1,0,1,1,0,0,0,1,0,1,0,1,0,0,0,1,1,0,0.0833333,1,0,0.2830764,1.6260163,0.8130081,0.8130081,1
236,49,167,3.32,2,2,102,4,5,55,1,1,50361,3.67,5.26,1.23,8.1,1,-0.04,-2,1.77,0.44,1,5730,2,5,52,12590,1,3,4.32,0.06,12590.25,9.440678,10.8269723,3792.243976,0,0,1,0.3012048,1,0,0,10.16,511667.76,0,0,0,0,1,0,1,0,1,1,0,0,0,1,0,1,0,1,0,0,0,1,1,0,0.0392157,1,0,0.6102746,0.3012048,0.9036145,0.3012048,1
237,3,182,2.68,2,2,62,4,4,65,1,5,8726,3.2,3.7,1.3,7.95,2,-0.58,-3.66,2.91,0.23,4,5900,2,5,45.5,2182,0,1,0.53,1.04,2181.5,7.687768,9.0740624,813.9925373,0,1,0,1.4925373,0,1,0,8.2,71553.2,0,0,0,0,1,0,0,1,1,0,1,0,0,1,1,0,0,1,0,1,0,0,0,1,0.0645161,1,0,0.0853577,1.4925373,0.3731343,0.7462687,1
238,13,182,2.18,2,2,48,4,7,55,1,5,8726,3.2,3.7,1.3,7.9,2,0,-2.95,2.95,1.99,2,4100,2,5,44.3,2182,2,2,0.53,1.04,2181.5,7.687768,9.0740624,1000.688073,0,1,0,0.9174312,0,1,0,8.2,71553.2,0,0,0,0,1,0,1,0,1,0,1,0,0,1,0,0,1,0,1,1,0,0,0,1,0.0833333,1,0,0.0694328,0.9174312,0.9174312,0.9174312,1
239,12,182,6.06,3,3,88,5,7,55,1,5,19629,3.2,3.7,1.3,12.1,7,0.05,-2.8,3.36,0.56,2,3900,2,5,48.1,3272,0,3,0.53,1.04,3271.5,8.0930039,9.8847633,539.8514851,0,1,0,0.330033,1,0,0,8.2,160957.8,0,0,0,0,1,0,1,0,1,0,1,0,0,1,1,0,0,1,0,1,0,0,0,1,0.0681818,1,0,0.4341739,0.330033,0.4950495,1.1551155,1
240,9,182,1.05,2,2,48,5,5,55,1,5,30821,5.11,9.21,2.73,7.9,5,0.14,6.03,5.89,0.51,1,1433,2,2,50.5,7705,0,1,0.44,0,7705.25,8.9496572,10.3359516,7338.333333,0,0,1,0.952381,0,1,0,17.05,525498.05,0,1,0,0,0,0,1,0,1,0,1,0,0,1,1,0,0,1,0,1,0,0,1,0,0.0833333,1,0,0.1181215,0.952381,0.952381,4.7619048,1
241,5,182,1.27,2,2,47,4,5,55,1,5,19972,5.11,9.21,2.73,8.16,1,0.21,-1.34,1.55,0.48,1,4400,2,2,54.3,4993,1,1,0.44,0,4993,8.5157922,9.9020866,3931.496063,0,0,1,0.7874016,0,1,0,17.05,340522.6,0,1,0,0,0,0,1,0,1,0,1,0,0,1,0,1,0,1,0,1,0,0,1,0,0.0851064,1,0,0.0925802,0.7874016,0.7874016,0.7874016,1
242,3,195,0.52,2,2,48,4,4,55,0,1,4805,4.72,6.19,2.43,7.35,4,-0.22,-4,6.83,0.08,1,3016,1,5,54,1201,0,0,1.63,4.16,1201.25,7.091118,8.4774123,2310.096154,0,0,1,1.9230769,0,1,0,13.34,64098.7,0,0,0,0,1,0,1,0,1,1,0,0,1,0,1,0,0,1,0,0,1,0,0,1,0.0833333,1,0,0.0091199,1.9230769,0,7.6923077,1
243,17,195,9.32,2,2,48,3,4,55,0,1,4805,4.72,6.19,2.43,7.35,27,0.2,-5,6.05,0.61,14,1200,1,5,51.7,1201,0,0,1.63,4.16,1201.25,7.091118,8.4774123,128.889485,0,0,1,1.5021459,0,1,0,13.34,64098.7,0,0,0,0,1,0,1,0,1,1,0,0,1,0,1,0,0,1,0,0,1,0,0,1,0.0833333,1,0,0.1634565,1.5021459,0,2.8969957,1
244,5,195,2.4,2,2,48,4,4,55,0,1,7558,4.39,4.76,1.76,12.1,5,0.02,-2.91,3.52,0.07,7,2000,1,2,43.7,1890,0,0,1.63,4.16,1889.5,7.5440675,8.9303619,787.2916667,0,1,0,2.9166667,0,0,1,10.91,82457.78,0,1,0,0,0,0,1,0,1,1,0,0,1,0,1,0,0,1,0,0,1,0,0,1,0.0833333,1,0,0.0662081,2.9166667,0,2.0833333,1
245,1,195,0.91,2,2,48,4,4,55,1,1,7601,4.9,4.35,1.67,8.42,3,0.25,-1.21,1.46,0.55,0,0,1,3,46,1900,0,0,1.63,4.16,1900.25,7.5497407,8.9360351,2088.186813,0,1,0,0,1,0,0,10.92,83002.92,0,0,1,0,0,0,1,0,1,1,0,0,1,0,1,0,0,1,0,0,1,0,0,1,0.0833333,1,0,0.0252467,0,0,3.2967033,1
246,2,195,1.43,2,2,48,4,4,55,1,1,12320,3.88,2.84,1.17,8.34,6,0.91,4.67,6.93,0.12,0,0,1,2,46,3080,0,0,1.63,4.16,3080,8.0326849,9.4189792,2153.846154,0,1,0,0,1,0,0,7.89,97204.8,0,1,0,0,0,0,1,0,1,1,0,0,1,0,1,0,0,1,0,0,1,0,0,1,0.0833333,1,0,0.0643042,0,0,4.1958042,1
247,56,205,1.96,4,3,84,6,10,55,1,5,79848,2.9,5.46,1.68,10.2,3,0.5,-2.29,1.64,0.02,3,3000,2,5,40.3,11407,1,1,3.18,0.67,11406.85714,9.34197,11.2878801,5819.825073,0,1,0,1.5306122,0,1,0,10.04,801673.92,0,0,0,0,1,0,1,0,1,0,1,0,0,1,0,1,0,1,0,0,0,1,1,0,0.0833333,1,0,0.5712326,1.5306122,0.5102041,1.5306122,1
248,48,205,4.18,3,3,72,4,6,55,1,5,70887,2.9,5.46,1.68,10.2,6,-0.1,2.52,3.17,0.85,5,4000,2,5,41.9,11815,1,2,3.18,0.67,11814.5,9.3770829,11.1688423,2826.435407,0,1,0,1.1961722,0,1,0,10.04,711705.48,0,0,0,0,1,0,1,0,1,0,1,0,0,1,0,1,0,1,0,0,0,1,1,0,0.0833333,1,0,1.081523,1.1961722,0.4784689,1.4354067,1
249,2,205,0.56,2,2,48,4,4,55,1,5,29967,4.45,9.58,3.31,10.2,2,-0.5,-2.43,1.93,0.25,2,2500,2,5,41.9,7492,1,0,3.18,0.67,7491.75,8.9215577,10.3078521,13378.125,0,1,0,3.5714286,0,0,1,17.34,519627.78,0,0,0,0,1,0,1,0,1,0,1,0,0,1,0,1,0,1,0,0,0,1,1,0,0.0833333,1,0,0.0612525,3.5714286,0,3.5714286,1
250,4,205,0.72,2,2,48,4,4,55,1,5,29967,4.45,9.58,3.31,10.2,1,-1.74,-2.59,0.85,0.07,1,6000,2,5,40.5,7492,0,0,3.18,0.67,7491.75,8.9215577,10.3078521,10405.20833,0,1,0,1.3888889,0,1,0,17.34,519627.78,0,0,0,0,1,0,1,0,1,0,1,0,0,1,1,0,0,1,0,0,0,1,1,0,0.0833333,1,0,0.0787533,1.3888889,0,1.3888889,1
251,10,205,1,2,2,62,4,4,55,1,5,29967,4.45,9.58,3.31,10.2,2,-1.08,3,1.92,0.3,2,2000,2,5,40,7492,1,1,3.18,0.67,7491.75,8.9215577,10.3078521,7491.75,0,1,0,2,0,1,0,17.34,519627.78,0,0,0,0,1,0,1,0,1,0,1,0,0,1,0,1,0,1,0,0,0,1,1,0,0.0645161,1,0,0.1093796,2,1,2,1
252,43,240,4.55,2,2,48,3,3,55,1,1,43014,2.24,1.61,0.12,12.2,6,0,-0.83,1.61,0.24,5,6367,1,5,55.3,10754,2,2,0.44,0,10753.5,9.2829866,10.6692809,2363.406593,0,0,1,1.0989011,0,1,0,3.97,170765.58,0,0,0,0,1,0,1,0,1,1,0,0,1,0,0,0,1,0,1,1,0,0,1,0,0.0833333,1,0,0.714355,1.0989011,0.4395604,1.3186813,1
253,5,303,0.52,2,2,48,4,4,50,1,1,23771,2.4,0.7,0.1,8.96,0,-3.2,-3.2,0,5.32,0,0,0,1,58,5943,0,1,5.22,1.09,5942.75,8.6899273,10.0762216,11428.36538,0,0,1,0,1,0,0,3.2,76067.2,1,0,0,0,0,1,1,0,0,1,0,1,0,0,1,0,0,1,0,0,0,1,0,1,0.0833333,1,0,0.0451174,0,1.9230769,0,1
254,27,395,18.57,2,2,48,4,8,55,1,1,9345,5,13.5,6.1,7.72,23,0,-3.71,5.38,2.52,10,2200,1,5,41.9,2336,0,0,0.44,0,2336.25,7.7563024,9.1425967,125.8077544,0,1,0,0.538503,0,1,0,24.6,229887,0,0,0,0,1,0,1,0,1,1,0,0,1,0,1,0,0,1,0,1,0,0,1,0,0.0833333,1,0,0.6334088,0.538503,0,1.2385568,1
255,24,405,0.54,3,3,72,4,10,55,1,5,149113,3.26,2.62,0.24,9.5,2,-0.69,-5.05,4.36,0.75,2,2050,2,5,41,24852,3,0,3.37,1.12,24852.16667,10.1207002,11.9124597,46022.53086,0,1,0,3.7037037,0,0,1,6.12,912571.56,0,0,0,0,1,0,1,0,1,0,1,0,0,1,0,0,0,0,0,0,0,1,0,1,0.0833333,1,0,0.2939017,3.7037037,0,3.7037037,1
256,0,405,1.38,4,3,84,6,10,55,1,5,161671,3.08,2.03,0.21,9.5,1,0.37,3.67,3.3,0.23,3,3820,2,3,48.5,23096,0,0,3.37,1.12,23095.85714,10.0474085,11.9933187,16736.12836,0,1,0,2.173913,0,1,0,5.32,860089.72,0,0,1,0,0,0,1,0,1,0,1,0,0,1,1,0,0,1,0,0,0,1,0,1,0.0833333,1,0,0.8143368,2.173913,0,0.7246377,1
257,0,405,1.35,3,3,72,6,6,55,1,5,142656,3.08,2.03,0.21,9.5,2,0.36,-3.4,3.88,0.65,1,6001,2,2,49,23776,0,1,3.37,1.12,23776,10.0764319,11.8681914,17611.85185,0,1,0,0.7407407,0,1,0,5.32,758929.92,0,1,0,0,0,0,1,0,1,0,1,0,0,1,1,0,0,1,0,0,0,1,0,1,0.0833333,1,0,0.7029374,0.7407407,0.7407407,1.4814815,1
258,0,405,1.47,3,3,72,6,6,55,1,5,144914,3.08,2.03,0.21,9.5,2,0.37,-2.2,3.8,0.31,2,4298,2,2,50.5,24152,0,1,3.37,1.12,24152.33333,10.0921363,11.8838957,16430.15873,0,0,1,1.3605442,0,1,0,5.32,770942.48,0,1,0,0,0,0,1,0,1,0,1,0,0,1,1,0,0,1,0,0,0,1,0,1,0.0833333,1,0,0.7775361,1.3605442,0.6802721,1.3605442,1
259,0,405,0.87,3,3,99,6,6,55,1,5,117614,3.08,2.03,0.21,9.5,2,0.86,-2.9,5.73,0.88,2,4298,2,5,50.5,19602,0,1,3.37,1.12,19602.33333,9.8834039,11.6751634,22531.41762,0,0,1,2.2988506,0,1,0,5.32,625706.48,0,0,0,0,1,0,1,0,1,0,1,0,0,1,1,0,0,1,0,0,0,1,0,1,0.0606061,1,0,0.3734833,2.2988506,1.1494253,2.2988506,1
260,5,405,0.9,3,3,72,6,6,55,1,5,110272,3.08,2.03,0.21,9.5,2,0.59,2.18,3.18,0.03,1,7639,2,5,52,18379,1,0,3.37,1.12,18378.66667,9.8189459,11.6107053,20420.74074,0,0,1,1.1111111,0,1,0,5.32,586647.04,0,0,0,0,1,0,1,0,1,0,1,0,0,1,0,1,0,1,0,0,0,1,0,1,0.0833333,1,0,0.3622435,1.1111111,0,2.2222222,1
261,0,405,0.56,3,3,72,6,6,55,1,5,110272,3.08,2.03,0.21,9.5,1,-1.01,1.94,0.93,0.48,1,11460,2,2,51,18379,0,1,3.37,1.12,18378.66667,9.8189459,11.6107053,32819.04762,0,0,1,1.7857143,0,1,0,5.32,586647.04,0,1,0,0,0,0,1,0,1,0,1,0,0,1,1,0,0,1,0,0,0,1,0,1,0.0833333,1,0,0.225396,1.7857143,1.7857143,1.7857143,1
262,2,405,0.57,2,2,48,6,6,55,1,5,90965,3.3,2.3,0.3,9.5,3,1.04,2.88,1.1,0.06,1,3200,2,3,49,22741,0,1,3.37,1.12,22741.25,10.0319357,11.4182301,39896.92982,0,1,0,1.754386,0,1,0,5.9,536693.5,0,0,1,0,0,0,1,0,1,0,1,0,0,1,1,0,0,1,0,0,0,1,0,1,0.0833333,1,0,0.1892527,1.754386,1.754386,5.2631579,1
263,8,405,0.71,2,2,48,6,6,55,1,5,88382,3.3,2.3,0.3,9.5,1,1.68,-2.4,0.72,0.81,1,2600,2,5,49.5,22096,1,1,3.37,1.12,22095.5,10.0031292,11.3894236,31120.42254,0,1,0,1.4084507,0,1,0,5.9,521453.8,0,0,0,0,1,0,1,0,1,0,1,0,0,1,0,1,0,1,0,0,0,1,0,1,0.0833333,1,0,0.229042,1.4084507,1.4084507,1.4084507,1
264,66,405,2.63,2,2,62,6,6,55,1,5,88382,3.3,2.3,0.3,9.5,8,1,3.43,3.9,0.56,4,2000,2,5,49.8,22096,2,1,3.37,1.12,22095.5,10.0031292,11.3894236,8401.330799,0,1,0,1.5209125,0,1,0,5.9,521453.8,0,0,0,0,1,0,1,0,1,0,1,0,0,1,0,0,1,0,1,0,0,1,0,1,0.0645161,1,0,0.848423,1.5209125,0.3802281,3.0418251,1
265,27,410,1.96,2,2,48,4,8,55,1,2,45805,3,3.1,0.8,7.8,3,-0.13,1.11,1.01,0.62,3,1433,2,2,49.5,11451,0,2,5.13,0.83,11451.25,9.3458542,10.7321485,5842.47449,0,1,0,1.5306122,0,1,0,6.9,316054.5,0,1,0,0,0,0,1,0,1,0,0,0,0,1,1,0,0,1,0,0,0,1,1,0,0.0833333,1,0,0.327689,1.5306122,1.0204082,1.5306122,1
266,4,512,0.61,2,2,48,4,4,55,1,1,70880,4,3.6,0.7,9.6,1,0.2,1.44,0.92,0.4,1,5730,2,2,52.5,17720,0,1,3.91,0,17720,9.7824492,11.1687436,29049.18033,0,0,1,1.6393443,0,1,0,8.3,588304,0,1,0,0,0,0,1,0,1,1,0,0,0,1,1,0,0,1,0,0,0,1,1,0,0.0833333,1,0,0.1578143,1.6393443,1.6393443,1.6393443,1
267,29,512,1.23,2,2,48,4,4,55,1,1,52551,3.36,3.41,1.01,8.37,1,-0.23,0.93,0.94,0.66,3,2865,2,2,55.5,13138,0,1,3.91,0,13137.75,9.483245,10.8695394,10681.09756,0,0,1,2.4390244,0,1,0,7.78,408846.78,0,1,0,0,0,0,1,0,1,1,0,0,0,1,1,0,0,1,0,0,0,1,1,0,0.0833333,1,0,0.2359277,2.4390244,0.8130081,0.8130081,1
268,34,512,2.02,2,2,48,4,4,55,1,1,49043,3.36,3.41,1.01,8.3,3,0.2,0.93,0.73,0.4,3,5730,2,2,54,12261,0,1,4.03,0,12260.75,9.4141584,10.8004527,6069.678218,0,0,1,1.4851485,0,1,0,7.78,381554.54,0,1,0,0,0,0,1,0,1,1,0,0,0,1,1,0,0,1,0,0,0,1,1,0,0.0833333,1,0,0.361594,1.4851485,0.4950495,1.4851485,1
269,11,512,1.32,2,2,48,4,4,55,1,1,51299,3.36,3.41,1.01,8.5,1,0.26,-1.56,1.3,1.29,1,1500,2,5,56,12825,0,2,4.03,0,12824.75,9.4591322,10.8454265,9715.719697,0,0,1,0.7575758,0,1,0,7.78,399106.22,0,0,0,0,1,0,1,0,1,1,0,0,0,1,1,0,0,1,0,0,0,1,1,0,0.0833333,1,0,0.2471586,0.7575758,1.5151515,0.7575758,1
270,37,512,1.27,2,2,48,6,6,55,1,1,47827,3.36,3.41,1.01,8.39,1,0.7,-5.5,6.2,2.38,2,1500,2,3,50,11957,0,2,4.43,0.73,11956.75,9.3890513,10.7753456,9414.76378,0,0,1,1.5748031,0,1,0,7.78,372094.06,0,0,1,0,0,0,1,0,1,1,0,0,0,1,1,0,0,1,0,0,0,1,1,0,0.0833333,1,0,0.2217021,1.5748031,1.5748031,0.7874016,1
271,17,512,1.02,2,2,48,4,6,55,1,1,55518,3.76,4.28,1.06,7.9,3,-0.2,3.82,4.97,1.24,2,1500,2,3,49,13880,0,1,4.03,0,13879.5,9.5381682,10.9244626,13607.35294,0,1,0,1.9607843,0,1,0,9.1,505213.8,0,0,1,0,0,0,1,0,1,1,0,0,0,1,1,0,0,1,0,0,0,1,1,0,0.0833333,1,0,0.2066935,1.9607843,0.9803922,2.9411765,1
272,14,512,0.58,2,2,48,4,4,55,1,1,55321,3.79,3.91,1.06,7.8,2,0.6,-2.5,3.1,0.77,1,2500,2,3,49,13830,0,1,4.03,0,13830.25,9.5346135,10.9209079,23845.25862,0,1,0,1.7241379,0,1,0,8.76,484611.96,0,0,1,0,0,0,1,0,1,1,0,0,0,1,1,0,0,1,0,0,0,1,1,0,0.0833333,1,0,0.1171146,1.7241379,1.7241379,3.4482759,1
273,0,520,0.58,2,2,48,10,10,55,1,1,77379,2.65,0.55,0,8.1,2,-2.77,-4.09,7.8,0.23,2,1931,2,3,46.5,19345,0,1,3.37,1.12,19344.75,9.8701763,11.2564707,33353.01724,0,1,0,3.4482759,0,0,1,3.2,247612.8,0,0,1,0,0,0,1,0,1,1,0,0,0,1,1,0,0,1,0,0,0,1,0,1,0.0833333,1,0,0.1638113,3.4482759,1.7241379,3.4482759,1
274,0,520,2.45,2,2,48,4,4,55,1,1,77379,2.64,0.57,0.03,8.1,5,-0.32,-5.1,2.03,0.41,3,2250,2,3,50.8,19345,0,2,3.37,1.12,19344.75,9.8701763,11.2564707,7895.816327,0,0,1,1.2244898,0,1,0,3.24,250707.96,0,0,1,0,0,0,1,0,1,1,0,0,0,1,1,0,0,1,0,0,0,1,0,1,0.0833333,1,0,0.6919617,1.2244898,0.8163265,2.0408163,1
275,28,522,1.86,2,2,48,4,4,55,1,1,30347,3.9,1.7,0.2,9.13,5,-0.02,3.02,2.98,0.13,4,1910,2,2,56.5,7587,1,2,3.37,1.12,7586.75,8.9341586,10.3204529,4078.89785,0,0,1,2.1505376,0,1,0,5.8,176012.6,0,1,0,0,0,0,1,0,1,1,0,0,0,1,0,1,0,1,0,0,0,1,0,1,0.0833333,1,0,0.2060258,2.1505376,1.0752688,2.688172,1
276,11,522,1.06,2,2,48,4,4,55,1,1,31186,1.9,4.6,0.5,9.2,3,0,6.72,6.7,0.28,3,1469,2,2,52,7797,1,1,3.37,1.12,7796.5,8.9614302,10.3477246,7355.188679,0,0,1,2.8301887,0,0,1,7,218302,0,1,0,0,0,0,1,0,1,1,0,0,0,1,0,1,0,1,0,0,0,1,0,1,0.0833333,1,0,0.1206586,2.8301887,0.9433962,2.8301887,1
277,3,599,0.98,2,2,48,4,4,55,1,1,34757,1.97,4.16,1.29,8.6,1,-0.87,4.02,4.89,0.71,3,1010,2,2,53.5,8689,0,0,3.73,1.13,8689.25,9.0698419,10.4561363,8866.581633,0,0,1,3.0612245,0,0,1,7.42,257896.94,0,1,0,0,0,0,1,0,1,1,0,0,0,1,1,0,0,1,0,0,0,1,0,1,0.0833333,1,0,0.1243258,3.0612245,0,1.0204082,1
