iteration,incumbent_aic,incumbent_bic,incumbent_MAE,incumbent_MSE,incumbent_MAE_TEST,incumbent_MSE_TEST,incumbent_MAE_VAL,incumbent_MSE_VAL,incumbent_RMSE_VAL,incumbent_RMSE_TEST,incumbent_RMSE,incumbent_sol_num,incumbent_num_parm,incumbent_pval_exceed,incumbent_pval_percentage,incumbent_loglik,incumbent_simple,incumbent_CAIC,incumbent_DIC,incumbent_HQIC,incumbent_AICc,best_aic,best_bic,best_MAE,best_MSE,best_MAE_TEST,best_MSE_TEST,best_MAE_VAL,best_MSE_VAL,best_RMSE_VAL,best_RMSE_TEST,best_RMSE,best_sol_num,best_num_parm,best_pval_exceed,best_pval_percentage,best_loglik,best_CAIC,best_DIC,best_HQIC,best_AICc
2,10995.862240924893,11545.405019584327,0.10894946649995373,0.06896135816967232,0.11415410491246111,0.0788890049590156,10000000.0,10000000.0,10000000.0,0.28087186573064876,0.2626049469634423,23,23,22,0.9565217391304348,-5474.931120462446,f_nb,11105.43159382183,11032.362899292842,11037.787863686552,10997.174963873764,10995.862222501006,11545.40500116044,0.10894944828486687,0.06896127187424432,0.11415390357706998,0.07888882129408722,10000000.0,10000000.0,10000000.0,0.2808715387754466,0.26260478265683646,19.0,23.0,22.0,0.9565217391304348,-5474.931111250503,11105.431575397943,11032.362880868955,11037.787845262665,10997.174945449877
7,10995.86224052003,11545.405019179463,0.10894950352768881,0.06896130793579344,0.1141541946442388,0.07888895885673168,10000000.0,10000000.0,10000000.0,0.2808717836606797,0.2626048513180848,28,23,22,0.9565217391304348,-5474.931120260015,f_nb,11105.431593416966,11032.36289888798,11037.787863281688,10997.1749634689,10995.862222501006,11545.40500116044,0.10894944828486687,0.06896127187424432,0.11415390357706998,0.07888882129408722,10000000.0,10000000.0,10000000.0,0.2808715387754466,0.26260478265683646,19.0,23.0,22.0,0.9565217391304348,-5474.931111250503,11105.431575397943,11032.362880868955,11037.787845262665,10997.174945449877
14,10995.862238318776,11545.40501697821,0.10894951907839796,0.06896129201079981,0.11415413529495791,0.0788888922698786,10000000.0,10000000.0,10000000.0,0.2808716651246234,0.2626048209968732,35,23,22,0.9565217391304348,-5474.931119159388,f_nb,11105.431591215713,11032.362896686725,11037.787861080435,10997.174961267647,10995.862222501006,11545.40500116044,0.10894944828486687,0.06896127187424432,0.11415390357706998,0.07888882129408722,10000000.0,10000000.0,10000000.0,0.2808715387754466,0.26260478265683646,19.0,23.0,22.0,0.9565217391304348,-5474.931111250503,11105.431575397943,11032.362880868955,11037.787845262665,10997.174945449877
15,50556.86503851847,51101.64508767097,0.9217153766269017,0.8925024745877512,0.9239365217933263,0.8975010073739547,10000000.0,10000000.0,10000000.0,0.9473652977463101,0.9447234910743731,36,22,22,1.0,-25256.432519259233,f_p,50661.67050650684,50591.778711739986,50596.96780811658,50558.066938756,10995.862222501006,11545.40500116044,0.10894944828486687,0.06896127187424432,0.11415390357706998,0.07888882129408722,10000000.0,10000000.0,10000000.0,0.2808715387754466,0.26260478265683646,19.0,23.0,22.0,0.9565217391304348,-5474.931111250503,11105.431575397943,11032.362880868955,11037.787845262665,10997.174945449877
16,50976.214240472036,51520.99428962454,0.9300952919357761,0.9085567590696254,0.932722167974302,0.9144969549885017,10000000.0,10000000.0,10000000.0,0.9562933414954334,0.9531824374534108,37,22,22,1.0,-25466.107120236018,f_p,51081.01970846041,51011.127913693555,51016.317010070146,50977.41614070957,10995.862222501006,11545.40500116044,0.10894944828486687,0.06896127187424432,0.11415390357706998,0.07888882129408722,10000000.0,10000000.0,10000000.0,0.2808715387754466,0.26260478265683646,19.0,23.0,22.0,0.9565217391304348,-5474.931111250503,11105.431575397943,11032.362880868955,11037.787845262665,10997.174945449877
17,51148.62474671945,51693.40479587195,0.9328805777203347,0.9149703795379246,0.9357579750306471,0.921313881852067,10000000.0,10000000.0,10000000.0,0.9598509685633843,0.9565408404965909,38,22,22,1.0,-25552.312373359724,f_p,51253.43021470782,51183.53841994097,51188.72751631756,51149.82664695698,10995.862222501006,11545.40500116044,0.10894944828486687,0.06896127187424432,0.11415390357706998,0.07888882129408722,10000000.0,10000000.0,10000000.0,0.2808715387754466,0.26260478265683646,19.0,23.0,22.0,0.9565217391304348,-5474.931111250503,11105.431575397943,11032.362880868955,11037.787845262665,10997.174945449877
18,50061.891316404624,50606.67136555713,0.912691380978751,0.8742182465679078,0.9152549822061443,0.8799372507260711,10000000.0,10000000.0,10000000.0,0.9380497058930678,0.9349963885320134,39,22,22,1.0,-25008.945658202312,f_p,50166.696784392996,50096.804989626144,50101.994086002735,50063.093216642155,10995.862222501006,11545.40500116044,0.10894944828486687,0.06896127187424432,0.11415390357706998,0.07888882129408722,10000000.0,10000000.0,10000000.0,0.2808715387754466,0.26260478265683646,19.0,23.0,22.0,0.9565217391304348,-5474.931111250503,11105.431575397943,11032.362880868955,11037.787845262665,10997.174945449877
19,50698.19848226818,51242.97853142068,0.9245861015148427,0.8978513555857007,0.9279677608637918,0.9052434238067492,10000000.0,10000000.0,10000000.0,0.9514428116322857,0.9475501863150578,40,22,22,1.0,-25327.09924113409,f_p,50803.00395025655,50733.112155489696,50738.30125186629,50699.40038250571,10995.862222501006,11545.40500116044,0.10894944828486687,0.06896127187424432,0.11415390357706998,0.07888882129408722,10000000.0,10000000.0,10000000.0,0.2808715387754466,0.26260478265683646,19.0,23.0,22.0,0.9565217391304348,-5474.931111250503,11105.431575397943,11032.362880868955,11037.787845262665,10997.174945449877
20,50473.77123601715,51018.551285169655,0.9201778129185396,0.8897608816187451,0.9234833675270354,0.8970239482994724,10000000.0,10000000.0,10000000.0,0.9471134822709856,0.9432713722035377,41,22,22,1.0,-25214.885618008575,f_p,50578.57670400552,50508.68490923867,50513.87400561526,50474.97313625468,10995.862222501006,11545.40500116044,0.10894944828486687,0.06896127187424432,0.11415390357706998,0.07888882129408722,10000000.0,10000000.0,10000000.0,0.2808715387754466,0.26260478265683646,19.0,23.0,22.0,0.9565217391304348,-5474.931111250503,11105.431575397943,11032.362880868955,11037.787845262665,10997.174945449877
26,10995.862243466327,11545.40502212576,0.10894958591570983,0.06896121686208237,0.11415433458383596,0.07888885737399555,10000000.0,10000000.0,10000000.0,0.28087160300392694,0.2626046779135558,48,23,22,0.9565217391304348,-5474.931121733163,f_nb,11105.431596363263,11032.362901834276,11037.787866227985,10997.174966415198,10995.862222501006,11545.40500116044,0.10894944828486687,0.06896127187424432,0.11415390357706998,0.07888882129408722,10000000.0,10000000.0,10000000.0,0.2808715387754466,0.26260478265683646,19.0,23.0,22.0,0.9565217391304348,-5474.931111250503,11105.431575397943,11032.362880868955,11037.787845262665,10997.174945449877
28,10995.862242349549,11545.405021008983,0.10894949248259889,0.06896129679433269,0.11415417130103274,0.07888892436261448,10000000.0,10000000.0,10000000.0,0.28087172225522183,0.2626048301047273,50,23,22,0.9565217391304348,-5474.9311211747745,f_nb,11105.431595246486,11032.362900717499,11037.787865111208,10997.17496529842,10995.862222501006,11545.40500116044,0.10894944828486687,0.06896127187424432,0.11415390357706998,0.07888882129408722,10000000.0,10000000.0,10000000.0,0.2808715387754466,0.26260478265683646,19.0,23.0,22.0,0.9565217391304348,-5474.931111250503,11105.431575397943,11032.362880868955,11037.787845262665,10997.174945449877
7,1497.5161375683092,1952.4385311249482,9.165829164250892,184.0979884470705,11.901464928741312,328.6795686766848,11.582923281920833,253.65549055221743,15.926565560478425,18.12952202008329,13.568271387581783,29,23,19,0.8260869565217391,-725.7580687841546,f_rp_p,1572.5580119131216,1499.581637128763,1527.8602559916424,1504.0875661397379,1496.181604773272,1957.4673131513555,9.03309894322628,204.77280552503456,12.199430904420154,335.92335943450325,10.646428631087488,189.60492231639455,13.738719346014442,18.253048205307742,14.243042185624248,13.333333333333334,27.0,18.666666666666668,0.6976344086021505,-721.090802386636,1584.274239873704,1498.6063216485873,1531.8029611832717,1505.535821640742
8,1486.8821759857701,2014.8345510305203,7.811803414970714,128.830694099481,12.27278437450748,455.854086908844,10.155128681386547,188.97346449030798,13.74676196383381,21.35073972743905,11.350360967805429,30,27,22,0.8148148148148148,-716.4410879928851,f_rp_c_p,1574.974811086202,1489.3068928610855,1522.5035323957698,1496.101688180892,1496.181604773272,1957.4673131513555,9.03309894322628,204.77280552503456,12.199430904420154,335.92335943450325,10.646428631087488,189.60492231639455,13.738719346014442,18.253048205307742,14.243042185624248,13.333333333333334,27.0,18.666666666666668,0.6976344086021505,-721.090802386636,1584.274239873704,1498.6063216485873,1531.8029611832717,1505.535821640742
9,1563.16021637717,2044.5976006778644,8.059842621878948,161.94746194000047,17.59920482531936,594.2082061704822,16.504134851848598,463.8091367063849,21.536228469868743,24.376386241001395,12.725858004079743,31,25,20,0.8,-756.580108188585,f_rp_p,1644.7274710997922,1565.4053245950545,1596.1429537938363,1570.9915416783747,1496.181604773272,1957.4673131513555,9.03309894322628,204.77280552503456,12.199430904420154,335.92335943450325,10.646428631087488,189.60492231639455,13.738719346014442,18.253048205307742,14.243042185624248,13.333333333333334,27.0,18.666666666666668,0.6976344086021505,-721.090802386636,1584.274239873704,1498.6063216485873,1531.8029611832717,1505.535821640742
10,1437.0173884632047,1901.712268135927,9.283639228667122,205.16861354071793,12.257933521839199,342.62797502369546,10.856686269723403,181.74294207497692,13.481206996221701,18.51021272227025,14.323708093252876,32,26,19,0.7307692307692307,-692.5086942316024,f_rp_c_p,1521.8473333747318,1439.3523010098047,1471.3194353765377,1445.5264793722956,1496.181604773272,1957.4673131513555,9.03309894322628,204.77280552503456,12.199430904420154,335.92335943450325,10.646428631087488,189.60492231639455,13.738719346014442,18.253048205307742,14.243042185624248,13.333333333333334,27.0,18.666666666666668,0.6976344086021505,-721.090802386636,1584.274239873704,1498.6063216485873,1531.8029611832717,1505.535821640742
12,1420.9157505985304,2025.1556025034195,7.470462352627976,118.14102748238264,14.257930715041308,508.7380237057569,10.225889043263408,240.8295096356363,15.518682599874136,22.555221650557037,10.869269868872639,34,32,25,0.78125,-678.4578752992652,f_rp_p,1525.3218366434867,1423.7894891174226,1463.1336544918634,1434.198769466455,1496.181604773272,1957.4673131513555,9.03309894322628,204.77280552503456,12.199430904420154,335.92335943450325,10.646428631087488,189.60492231639455,13.738719346014442,18.253048205307742,14.243042185624248,13.333333333333334,27.0,18.666666666666668,0.6976344086021505,-721.090802386636,1584.274239873704,1498.6063216485873,1531.8029611832717,1505.535821640742
13,1599.2840885351934,2103.978968207916,7.346724066203703,126.06471842224222,24.368459673795027,1754.684300076398,22.121433842929868,917.5501330678499,30.29108999471379,41.8889520049905,11.227854577889858,35,26,21,0.8076923076923077,-773.6420442675967,f_rp_p,1684.1140334467204,1601.6190010817934,1633.5861354485264,1607.7931794442843,1496.181604773272,1957.4673131513555,9.03309894322628,204.77280552503456,12.199430904420154,335.92335943450325,10.646428631087488,189.60492231639455,13.738719346014442,18.253048205307742,14.243042185624248,13.333333333333334,27.0,18.666666666666668,0.6976344086021505,-721.090802386636,1584.274239873704,1498.6063216485873,1531.8029611832717,1505.535821640742
14,1486.4973275711368,2084.22218873197,14.986442357644625,1406.8171142589838,35.55730353012052,2597.6917840476726,36.262531317512085,2064.539479865565,45.437203697692105,50.96755619065596,37.50756076125164,36,30,25,0.8333333333333334,-713.2486637855684,f_rp_p,1584.3780332382835,1489.1914574325983,1526.0766124711365,1498.0501226021927,1496.181604773272,1957.4673131513555,9.03309894322628,204.77280552503456,12.199430904420154,335.92335943450325,10.646428631087488,189.60492231639455,13.738719346014442,18.253048205307742,14.243042185624248,13.333333333333334,27.0,18.666666666666668,0.6976344086021505,-721.090802386636,1584.274239873704,1498.6063216485873,1531.8029611832717,1505.535821640742
17,1661.3603931572866,2139.5402820859535,7.966395403883436,140.90521952650377,27.82239885024946,2323.7687959251075,22.864374428459833,784.2475784280954,28.004420694384937,48.20548512280638,11.870350438234912,39,24,20,0.8333333333333334,-806.6801965786433,f_rp_p,1739.6649576910038,1663.5156970464557,1693.0238210772864,1668.5460218998016,1496.181604773272,1957.4673131513555,9.03309894322628,204.77280552503456,12.199430904420154,335.92335943450325,10.646428631087488,189.60492231639455,13.738719346014442,18.253048205307742,14.243042185624248,13.333333333333334,27.0,18.666666666666668,0.6976344086021505,-721.090802386636,1584.274239873704,1498.6063216485873,1531.8029611832717,1505.535821640742
19,1403.6253260260405,1954.8351964428184,12.381900802227491,5270.486932646856,38.95821344478546,24876.889462409326,10.544777967557563,247.72832759624666,15.739387777046687,157.7240928406606,72.5981193464876,41,28,23,0.8214285714285714,-673.8126630130203,f_rp_p,1494.9806513153774,1406.1398472300712,1440.565991932707,1413.5885162100897,1496.181604773272,1957.4673131513555,9.03309894322628,204.77280552503456,12.199430904420154,335.92335943450325,10.646428631087488,189.60492231639455,13.738719346014442,18.253048205307742,14.243042185624248,13.333333333333334,27.0,18.666666666666668,0.6976344086021505,-721.090802386636,1584.274239873704,1498.6063216485873,1531.8029611832717,1505.535821640742
20,1445.5392876804399,2043.2641488412733,8.598565669211627,178.25178275392582,47.30012428568931,6441.530879303945,48.21273264418398,4236.501892803077,65.08841596477116,80.25914825927288,13.351096687310966,42,30,25,0.8333333333333334,-692.7696438402199,f_rp_p,1543.4199933475866,1448.2334175419014,1485.1185725804396,1457.0920827114958,1496.181604773272,1957.4673131513555,9.03309894322628,204.77280552503456,12.199430904420154,335.92335943450325,10.646428631087488,189.60492231639455,13.738719346014442,18.253048205307742,14.243042185624248,13.333333333333334,27.0,18.666666666666668,0.6976344086021505,-721.090802386636,1584.274239873704,1498.6063216485873,1531.8029611832717,1505.535821640742
25,1559.9694816222313,2014.8918751788704,8.394565083584745,158.34254913084524,11.251537329535738,292.6323865672436,10.156916465135748,205.2951956341715,14.328126033580649,17.10650129533341,12.58342358544944,48,23,19,0.8260869565217391,-756.9847408111157,f_rp_p,1635.0113559670438,1562.0349811826852,1590.3136000455645,1566.54091019366,1496.181604773272,1957.4673131513555,9.03309894322628,204.77280552503456,12.199430904420154,335.92335943450325,10.646428631087488,189.60492231639455,13.738719346014442,18.253048205307742,14.243042185624248,13.333333333333334,27.0,18.666666666666668,0.6976344086021505,-721.090802386636,1584.274239873704,1498.6063216485873,1531.8029611832717,1505.535821640742
29,1394.0020055234459,1941.954380568196,6.976423769940564,98.49875076467204,14.639937721324689,542.6653938871672,10.968572683073546,261.2560494055503,16.163417008960398,23.295179627707686,9.924653684873444,52,27,23,0.8518518518518519,-670.0010027617229,f_rp_p,1482.0946406238777,1396.4267223987613,1429.6233619334455,1403.2215177185678,1496.181604773272,1957.4673131513555,9.03309894322628,204.77280552503456,12.199430904420154,335.92335943450325,10.646428631087488,189.60492231639455,13.738719346014442,18.253048205307742,14.243042185624248,13.333333333333334,27.0,18.666666666666668,0.6976344086021505,-721.090802386636,1584.274239873704,1498.6063216485873,1531.8029611832717,1505.535821640742
30,1543.9374215494893,2045.3748058501837,8.357404145143676,156.86111801412372,11.482560231000546,314.1495461314426,10.362486670712316,200.15097425473627,14.147472362748628,17.724264332587758,12.524420865418238,53,25,21,0.84,-746.9687107747446,f_rp_c_p,1625.5046762721115,1546.1825297673738,1576.9201589661557,1551.768746850694,1496.181604773272,1957.4673131513555,9.03309894322628,204.77280552503456,12.199430904420154,335.92335943450325,10.646428631087488,189.60492231639455,13.738719346014442,18.253048205307742,14.243042185624248,13.333333333333334,27.0,18.666666666666668,0.6976344086021505,-721.090802386636,1584.274239873704,1498.6063216485873,1531.8029611832717,1505.535821640742
33,1560.3431082708848,2154.8104740596905,7.892661758255542,153.45615549117755,41.94115762279978,4854.71036744965,42.71223080178317,3078.793219920072,55.48687430302839,69.67575164610462,12.387742146621294,56,29,25,0.8620689655172413,-751.1715541354424,f_rp_p,1654.9611237491265,1562.947433803631,1598.603083674218,1571.0838490116255,1496.181604773272,1957.4673131513555,9.03309894322628,204.77280552503456,12.199430904420154,335.92335943450325,10.646428631087488,189.60492231639455,13.738719346014442,18.253048205307742,14.243042185624248,13.333333333333334,27.0,18.666666666666668,0.6976344086021505,-721.090802386636,1584.274239873704,1498.6063216485873,1531.8029611832717,1505.535821640742
34,1689.19832054093,2120.863218725541,8.29087477629915,177.78178113165447,10.952047191454701,324.24572339856866,10.158271345358745,162.99978326680707,12.767136846873973,18.00682435629805,13.333483458258554,57,22,18,0.8181818181818182,-822.599160270465,f_rp_p,1760.9775046968373,1691.1740157726683,1718.2231294675964,1695.1864862214034,1496.181604773272,1957.4673131513555,9.03309894322628,204.77280552503456,12.199430904420154,335.92335943450325,10.646428631087488,189.60492231639455,13.738719346014442,18.253048205307742,14.243042185624248,13.333333333333334,27.0,18.666666666666668,0.6976344086021505,-721.090802386636,1584.274239873704,1498.6063216485873,1531.8029611832717,1505.535821640742
35,1475.6748538320119,2046.8847242487898,8.518486598491885,174.0498911279589,21.613926955695465,996.7836841609773,21.55123458089221,740.9640370096168,27.220654602885965,31.571881226195206,13.192796941056846,58,28,24,0.8571428571428571,-709.8374269160059,f_rp_p,1567.0301791213487,1478.1893750360425,1512.6155197386784,1485.638044016061,1496.181604773272,1957.4673131513555,9.03309894322628,204.77280552503456,12.199430904420154,335.92335943450325,10.646428631087488,189.60492231639455,13.738719346014442,18.253048205307742,14.243042185624248,13.333333333333334,27.0,18.666666666666668,0.6976344086021505,-721.090802386636,1584.274239873704,1498.6063216485873,1531.8029611832717,1505.535821640742
36,1472.1303109027963,2082.8851535517406,7.548583401306558,144.2123980291589,13.970941682414244,540.612818417154,10.252804418322336,270.5571776702159,16.44862236390075,23.251082091316825,12.008846656909185,59,34,25,0.7352941176470589,-702.0651554513981,f_rp_c_p,1583.0617773255624,1475.1836580791194,1516.9868337894627,1487.289546571586,1496.181604773272,1957.4673131513555,9.03309894322628,204.77280552503456,12.199430904420154,335.92335943450325,10.646428631087488,189.60492231639455,13.738719346014442,18.253048205307742,14.243042185624248,13.333333333333334,27.0,18.666666666666668,0.6976344086021505,-721.090802386636,1584.274239873704,1498.6063216485873,1531.8029611832717,1505.535821640742
38,,10000000000000000000000000000000000000000000000000000000000000000000000000000000000000000000000000000,11.827120287121621,284.24568854796803,15.327069559810663,556.7942644652783,39.6816282583354,24485.624642917122,156.47883129330026,23.596488392667208,16.859587437062867,61,15,100,100,,f_rp_nb,,,,,1496.181604773272,1957.4673131513555,9.03309894322628,204.77280552503456,12.199430904420154,335.92335943450325,10.646428631087488,189.60492231639455,13.738719346014442,18.253048205307742,14.243042185624248,13.333333333333334,27.0,18.666666666666668,0.6976344086021505,-721.090802386636,1584.274239873704,1498.6063216485873,1531.8029611832717,1505.535821640742
40,1718.324074986739,2196.5039639154056,7.975444449630243,139.06624009921342,26.12878802604641,2061.59950614411,21.691495464119363,718.9329351106701,26.812924777253787,45.40484011803268,11.792634993894003,63,24,20,0.8333333333333334,-835.1620374933696,f_rp_p,1796.6286395204563,1720.4793788759082,1749.9875029067389,1725.5097037292542,1496.181604773272,1957.4673131513555,9.03309894322628,204.77280552503456,12.199430904420154,335.92335943450325,10.646428631087488,189.60492231639455,13.738719346014442,18.253048205307742,14.243042185624248,13.333333333333334,27.0,18.666666666666668,0.6976344086021505,-721.090802386636,1584.274239873704,1498.6063216485873,1531.8029611832717,1505.535821640742
45,1558.6434485009706,2013.5658420576096,8.514256453011246,157.57824905821676,11.089732651125622,288.82284532008106,10.949682372958058,171.30965200623626,13.088531315859555,16.99478876950464,12.553017527997671,69,23,19,0.8260869565217391,-756.3217242504853,f_rp_p,1633.685322845783,1560.7089480614245,1588.9875669243038,1565.2148770723993,1496.181604773272,1957.4673131513555,9.03309894322628,204.77280552503456,12.199430904420154,335.92335943450325,10.646428631087488,189.60492231639455,13.738719346014442,18.253048205307742,14.243042185624248,13.333333333333334,27.0,18.666666666666668,0.6976344086021505,-721.090802386636,1584.274239873704,1498.6063216485873,1531.8029611832717,1505.535821640742
48,1421.8736054989708,1896.7959990556099,8.24604476308059,130.15492958538096,13.705027544066876,483.7851776087812,34.96270790028537,24028.032920465586,155.0097833056533,21.99511713105391,11.40854633971309,72,23,20,0.8695652173913043,-687.9368027494854,f_rp_p,1496.9154798437833,1423.9391050594247,1452.217723922304,1428.4450340703995,1496.181604773272,1957.4673131513555,9.03309894322628,204.77280552503456,12.199430904420154,335.92335943450325,10.646428631087488,189.60492231639455,13.738719346014442,18.253048205307742,14.243042185624248,13.333333333333334,27.0,18.666666666666668,0.6976344086021505,-721.090802386636,1584.274239873704,1498.6063216485873,1531.8029611832717,1505.535821640742
50,1442.7294463989015,1897.6518399555405,12.573139229256517,330.008604266031,13.055409859036851,357.7035628502439,36.80503243426595,24077.881619273317,155.17049210231087,18.91305271103118,18.1661389476694,74,23,19,0.8260869565217391,-698.3647231994507,f_rp_c_p,1517.7713207437139,1444.7949459593553,1473.0735648222346,1449.3008749703301,1496.181604773272,1957.4673131513555,9.03309894322628,204.77280552503456,12.199430904420154,335.92335943450325,10.646428631087488,189.60492231639455,13.738719346014442,18.253048205307742,14.243042185624248,13.333333333333334,27.0,18.666666666666668,0.6976344086021505,-721.090802386636,1584.274239873704,1498.6063216485873,1531.8029611832717,1505.535821640742
53,1375.620125606151,1923.5725006509012,7.462681780501902,131.5871044265277,13.951320292134133,528.4062490411128,10.05715701589169,233.7731817905708,15.289642958243688,22.9870887465358,11.471142245937312,77,27,23,0.8518518518518519,-660.8100628030755,f_rp_p,1463.712760706583,1378.0448424814665,1411.2414820161507,1384.839637801273,1496.181604773272,1957.4673131513555,9.03309894322628,204.77280552503456,12.199430904420154,335.92335943450325,10.646428631087488,189.60492231639455,13.738719346014442,18.253048205307742,14.243042185624248,13.333333333333334,27.0,18.666666666666668,0.6976344086021505,-721.090802386636,1584.274239873704,1498.6063216485873,1531.8029611832717,1505.535821640742
54,1465.1471956503583,2036.3570660671362,8.349079482831515,152.10555863164257,16.116041567208317,606.5543733377243,14.900659457884203,366.4560049560867,19.14304064029763,24.628324614916952,12.333108230760102,78,28,24,0.8571428571428571,-704.5735978251791,f_rp_p,1556.5025209396952,1467.661716854389,1502.0878615570248,1475.1103858344075,1496.181604773272,1957.4673131513555,9.03309894322628,204.77280552503456,12.199430904420154,335.92335943450325,10.646428631087488,189.60492231639455,13.738719346014442,18.253048205307742,14.243042185624248,13.333333333333334,27.0,18.666666666666668,0.6976344086021505,-721.090802386636,1584.274239873704,1498.6063216485873,1531.8029611832717,1505.535821640742
55,1542.6330148690547,2123.615371401916,7.75157637514269,155.7542979033124,10.697583220666683,343.5679768952492,10.408338229971147,228.67209306719138,15.121907719173246,18.535586769650678,12.480156165021029,79,31,24,0.7741935483870968,-740.3165074345274,f_rp_p,1643.7764107251062,1545.4169490592315,1583.531609265721,1555.0330148690548,1496.181604773272,1957.4673131513555,9.03309894322628,204.77280552503456,12.199430904420154,335.92335943450325,10.646428631087488,189.60492231639455,13.738719346014442,18.253048205307742,14.243042185624248,13.333333333333334,27.0,18.666666666666668,0.6976344086021505,-721.090802386636,1584.274239873704,1498.6063216485873,1531.8029611832717,1505.535821640742
56,1392.0318203051174,1873.469204605812,7.356615405671545,118.2076576832509,38.60892975277338,3841.587272404773,30.738590788198188,1676.3575374822638,40.94334546030971,61.980539465260975,10.872334509352207,80,25,20,0.8,-671.0159101525587,f_rp_p,1473.5990750277397,1394.276928523002,1425.0145577217838,1399.8631456063222,1496.181604773272,1957.4673131513555,9.03309894322628,204.77280552503456,12.199430904420154,335.92335943450325,10.646428631087488,189.60492231639455,13.738719346014442,18.253048205307742,14.243042185624248,13.333333333333334,27.0,18.666666666666668,0.6976344086021505,-721.090802386636,1584.274239873704,1498.6063216485873,1531.8029611832717,1505.535821640742
57,1783.0538681610565,2247.748747833779,7.901302013435934,154.97596320394265,50.2870100596593,4242.536354195952,49.3240755615823,3802.880709696172,61.66750124414133,65.13475534763259,12.448934219600595,81,26,19,0.7307692307692307,-865.5269340805282,f_rp_p,1867.8838130725835,1785.3887807076565,1817.3559150743895,1791.5629590701474,1496.181604773272,1957.4673131513555,9.03309894322628,204.77280552503456,12.199430904420154,335.92335943450325,10.646428631087488,189.60492231639455,13.738719346014442,18.253048205307742,14.243042185624248,13.333333333333334,27.0,18.666666666666668,0.6976344086021505,-721.090802386636,1584.274239873704,1498.6063216485873,1531.8029611832717,1505.535821640742
58,1491.4736957687965,2079.4260708135466,8.533585240542275,178.43469516322875,29.29471356095911,2859.1296501393576,29.73836996514767,2080.091959992529,45.60802517093378,53.47082989948218,13.357945020220317,83,27,25,0.9259259259259259,-718.7368478843982,f_rp_p,1579.5663308692283,1493.8984126441119,1527.095052178796,1500.6932079639184,1496.181604773272,1957.4673131513555,9.03309894322628,204.77280552503456,12.199430904420154,335.92335943450325,10.646428631087488,189.60492231639455,13.738719346014442,18.253048205307742,14.243042185624248,13.333333333333334,27.0,18.666666666666668,0.6976344086021505,-721.090802386636,1584.274239873704,1498.6063216485873,1531.8029611832717,1505.535821640742
59,1977.1054803326065,2475.2853692612734,7.943159917035225,137.14065464225612,12.3745467644125,443.7876275782956,11.7843943776388,358.3888250394569,18.931160160947794,21.06626752840416,11.710706837858085,84,24,21,0.875,-964.5527401663032,f_rp_p,2055.410044866324,1979.2607842217756,2008.7689082526063,1984.2911090751215,1496.181604773272,1957.4673131513555,9.03309894322628,204.77280552503456,12.199430904420154,335.92335943450325,10.646428631087488,189.60492231639455,13.738719346014442,18.253048205307742,14.243042185624248,13.333333333333334,27.0,18.666666666666668,0.6976344086021505,-721.090802386636,1584.274239873704,1498.6063216485873,1531.8029611832717,1505.535821640742
61,1471.113405249926,1892.5507895506205,9.617858275283515,210.90046412234096,11.879548249221521,283.15531792368967,12.701717141009013,394.2410717290136,19.855504821812353,16.82721955415361,14.522412475974539,87,25,17,0.68,-710.556702624963,f_rp_p,1552.6806599725483,1473.3585134678106,1504.0961426665924,1478.9447305511308,1432.062763923862,1883.2726343406398,9.102639594618267,231.03734677268295,12.576819293448931,353.56053737282326,11.533161652799386,310.2613301139107,17.449081889442663,18.708824160735322,15.185444835843612,49.5,28.0,18.0,0.6464516129032258,-688.031381961931,1523.4180892131985,1434.5772851278925,1469.0034298305281,1442.178426574464
62,1455.739001172362,1963.691376217112,10.435974680268194,231.397049098027,12.192972099170856,317.10771318255405,36.166879332064276,24041.700735300154,155.05386398055404,17.807518445380143,15.211740501928995,88,27,21,0.7777777777777778,-700.869500586181,f_rp_c_p,1543.8316362727937,1458.1637180476773,1491.3603575823615,1464.9585133674839,1432.062763923862,1883.2726343406398,9.102639594618267,231.03734677268295,12.576819293448931,353.56053737282326,11.533161652799386,310.2613301139107,17.449081889442663,18.708824160735322,15.185444835843612,49.5,28.0,18.0,0.6464516129032258,-688.031381961931,1523.4180892131985,1434.5772851278925,1469.0034298305281,1442.178426574464
72,1447.5457389124624,2015.4981139572126,7.2166705959411,111.97856240495666,14.045602253863697,489.7889062210665,10.447935906962522,234.26008528515632,15.305557333372619,22.13117498509888,10.581992364623812,98,27,24,0.8888888888888888,-696.7728694562312,f_rp_p,1535.6383740128942,1449.9704557877778,1483.167095322462,1456.7652511075844,1432.062763923862,1883.2726343406398,9.102639594618267,231.03734677268295,12.576819293448931,353.56053737282326,11.533161652799386,310.2613301139107,17.449081889442663,18.708824160735322,15.185444835843612,49.5,28.0,18.0,0.6464516129032258,-688.031381961931,1523.4180892131985,1434.5772851278925,1469.0034298305281,1442.178426574464
73,1574.8190988023712,2152.5439599632045,7.651992734556856,147.52187654104088,10.934090571856771,290.090270432516,9.675324176361018,198.26749079947942,14.08074894313081,17.032036590863584,12.145858411040402,99,30,24,0.8,-757.4095494011856,f_rp_p,1672.6998044695179,1577.5132286638327,1614.398383702371,1586.371893833427,1432.062763923862,1883.2726343406398,9.102639594618267,231.03734677268295,12.576819293448931,353.56053737282326,11.533161652799386,310.2613301139107,17.449081889442663,18.708824160735322,15.185444835843612,49.5,28.0,18.0,0.6464516129032258,-688.031381961931,1523.4180892131985,1434.5772851278925,1469.0034298305281,1442.178426574464
75,1874.6934529626315,2379.388332635354,7.950270560193654,138.35120987090292,12.544475775595867,440.18743795485364,10.774436543775133,176.65906034932112,13.291315222705432,20.98064436462459,11.762279110397905,101,26,21,0.8076923076923077,-911.3467264813157,f_rp_c_p,1959.5233978741585,1877.0283655092314,1908.9954998759645,1883.2025438717224,1432.062763923862,1883.2726343406398,9.102639594618267,231.03734677268295,12.576819293448931,353.56053737282326,11.533161652799386,310.2613301139107,17.449081889442663,18.708824160735322,15.185444835843612,49.5,28.0,18.0,0.6464516129032258,-688.031381961931,1523.4180892131985,1434.5772851278925,1469.0034298305281,1442.178426574464
76,1799.2079800864817,2347.160355131232,7.705577845999809,136.70001553487901,12.370575499609403,347.54052529986103,12.708555665664397,247.26762991326936,15.7247457821508,18.642438823819727,11.691878186796124,102,27,23,0.8518518518518519,-872.6039900432409,f_rp_p,1887.3006151869135,1801.6326969617971,1834.8293364964813,1808.4274922816037,1432.062763923862,1883.2726343406398,9.102639594618267,231.03734677268295,12.576819293448931,353.56053737282326,11.533161652799386,310.2613301139107,17.449081889442663,18.708824160735322,15.185444835843612,49.5,28.0,18.0,0.6464516129032258,-688.031381961931,1523.4180892131985,1434.5772851278925,1469.0034298305281,1442.178426574464
77,1799.9501527592488,2387.902527803999,7.7611754677452005,146.3711904922043,24.501012095337405,1551.8380625112723,25.512282119595138,1032.4411074397215,32.13162161235753,39.393375870966835,12.0983961950419,103,27,25,0.9259259259259259,-872.9750763796244,f_rp_p,1888.0427878596806,1802.3748696345642,1835.5715091692484,1809.1696649543708,1432.062763923862,1883.2726343406398,9.102639594618267,231.03734677268295,12.576819293448931,353.56053737282326,11.533161652799386,310.2613301139107,17.449081889442663,18.708824160735322,15.185444835843612,49.5,28.0,18.0,0.6464516129032258,-688.031381961931,1523.4180892131985,1434.5772851278925,1469.0034298305281,1442.178426574464
79,1534.92094758151,2022.8733226262602,9.5268007187846,419.14049349977614,29.10327254973753,1440.5709500577152,26.004851068500756,991.0379509199405,31.480755246974944,37.954854104023575,20.472920981134475,105,27,20,0.7407407407407407,-740.460473790755,f_rp_p,1623.013582681942,1537.3456644568255,1570.5423039915097,1544.140459776632,1432.062763923862,1883.2726343406398,9.102639594618267,231.03734677268295,12.576819293448931,353.56053737282326,11.533161652799386,310.2613301139107,17.449081889442663,18.708824160735322,15.185444835843612,49.5,28.0,18.0,0.6464516129032258,-688.031381961931,1523.4180892131985,1434.5772851278925,1469.0034298305281,1442.178426574464
83,1499.0761206926527,1963.7710003653751,8.627198713711154,176.7823660123738,11.07864712163588,301.22546160414043,11.002542705488025,184.50757122592893,13.583356405024825,17.355848052000812,13.295952993763697,110,26,19,0.7307692307692307,-723.5380603463263,f_rp_p,1583.9060656041797,1501.4110332392527,1533.3781676059857,1507.5852116017436,1432.062763923862,1883.2726343406398,9.102639594618267,231.03734677268295,12.576819293448931,353.56053737282326,11.533161652799386,310.2613301139107,17.449081889442663,18.708824160735322,15.185444835843612,49.5,28.0,18.0,0.6464516129032258,-688.031381961931,1523.4180892131985,1434.5772851278925,1469.0034298305281,1442.178426574464
86,1475.22282340031,1936.6602077010045,9.045478920361875,185.08312087400517,11.434334384507661,313.5696006939072,11.19732298425566,240.9614080730771,15.522931684223735,17.707896563225887,13.604525749690989,113,25,19,0.76,-712.611411700155,f_rp_p,1556.7900781229323,1477.4679316181946,1508.2055608169765,1483.0541487015148,1432.062763923862,1883.2726343406398,9.102639594618267,231.03734677268295,12.576819293448931,353.56053737282326,11.533161652799386,310.2613301139107,17.449081889442663,18.708824160735322,15.185444835843612,49.5,28.0,18.0,0.6464516129032258,-688.031381961931,1523.4180892131985,1434.5772851278925,1469.0034298305281,1442.178426574464
89,1490.384561230385,1998.3369362751353,8.688077941129615,167.98233403157846,11.374612038251017,301.4565708052295,10.738049244862818,211.4607666983277,14.54169064099246,17.36250473881086,12.960799899372665,116,27,21,0.7777777777777778,-718.1922806151925,f_rp_c_p,1578.477196330817,1492.8092781057005,1526.0059176403847,1499.604073425507,1432.062763923862,1883.2726343406398,9.102639594618267,231.03734677268295,12.576819293448931,353.56053737282326,11.533161652799386,310.2613301139107,17.449081889442663,18.708824160735322,15.185444835843612,49.5,28.0,18.0,0.6464516129032258,-688.031381961931,1523.4180892131985,1434.5772851278925,1469.0034298305281,1442.178426574464
91,1423.3060887951615,1977.7734545839671,8.411377905048274,145.17260118323063,11.505800377580904,321.15962635848194,10.559936299107418,189.87517044707516,13.779519964319336,17.92092705075499,12.048759321325603,118,29,23,0.7931034482758621,-682.6530443975807,f_rp_p,1517.9241042734031,1425.9104143279076,1461.5660641984946,1434.0468295359021,1432.062763923862,1883.2726343406398,9.102639594618267,231.03734677268295,12.576819293448931,353.56053737282326,11.533161652799386,310.2613301139107,17.449081889442663,18.708824160735322,15.185444835843612,49.5,28.0,18.0,0.6464516129032258,-688.031381961931,1523.4180892131985,1434.5772851278925,1469.0034298305281,1442.178426574464
96,1615.7051622794731,2090.627555836112,7.933146907606569,154.8173165360857,27.696926876056136,1294.5481623232095,24.41942779166335,878.772984356662,29.64410538971723,35.97982993738589,12.442560690472268,123,23,20,0.8695652173913043,-784.8525811397366,f_rp_p,1690.7470366242856,1617.770661839927,1646.0492807028063,1622.2765908509018,1432.062763923862,1883.2726343406398,9.102639594618267,231.03734677268295,12.576819293448931,353.56053737282326,11.533161652799386,310.2613301139107,17.449081889442663,18.708824160735322,15.185444835843612,49.5,28.0,18.0,0.6464516129032258,-688.031381961931,1523.4180892131985,1434.5772851278925,1469.0034298305281,1442.178426574464
97,1801.0814770383565,2329.0338520831065,7.9344264761582854,134.93301454173863,12.411717763429301,446.79347375733323,10.778250966871108,182.20383034829015,13.49828990458755,21.137489769538227,11.616067085797095,124,27,22,0.8148148148148148,-873.5407385191783,f_rp_c_p,1889.1741121387884,1803.506193913672,1836.7028334483562,1810.3009892334785,1432.062763923862,1883.2726343406398,9.102639594618267,231.03734677268295,12.576819293448931,353.56053737282326,11.533161652799386,310.2613301139107,17.449081889442663,18.708824160735322,15.185444835843612,49.5,28.0,18.0,0.6464516129032258,-688.031381961931,1523.4180892131985,1434.5772851278925,1469.0034298305281,1442.178426574464
98,1721.2620814318827,1979.8969981283828,11.497154872582072,257.2057513907882,14.314381482589091,463.07217498473113,35.08182773771454,23985.94574851109,154.8739673040989,21.519111853994605,16.03763546757402,125,18,10,0.5555555555555556,-842.6310407159414,f_rp_p,1779.9905048321707,1722.8785593487596,1745.0096523718826,1725.2158386573162,1432.062763923862,1883.2726343406398,9.102639594618267,231.03734677268295,12.576819293448931,353.56053737282326,11.533161652799386,310.2613301139107,17.449081889442663,18.708824160735322,15.185444835843612,49.5,28.0,18.0,0.6464516129032258,-688.031381961931,1523.4180892131985,1434.5772851278925,1469.0034298305281,1442.178426574464
105,1444.1139784649654,1879.0363720216044,8.908010594684452,198.67607158176347,11.773458695093142,316.8874040518455,10.763343579556844,184.4151124675644,13.57995259445203,17.801331524687853,14.095249965210389,133,23,18,0.782608695652174,-699.0569892324827,f_rp_p,1519.1558528097778,1446.1794780254193,1474.4580968882985,1450.685407036394,1461.8850354858816,1868.4361767285345,9.80863894232587,225.4131322445615,12.46932990427618,344.29842997413493,12.284897051044334,330.56712405746003,18.09618519183035,18.4813992815383,15.00597544640759,109.0,23.5,16.5,0.7036363636363636,-707.4425177429408,1538.5582549251465,1463.9954372106931,1492.888808657548,1468.7947809767206
108,1446.8028384791046,1901.7252320357436,8.93120285127876,163.4686517553361,11.558361108655923,353.79437680016594,35.8378997006923,24030.04976165959,155.01628869786424,18.8094225536077,12.78548598041295,136,23,19,0.8260869565217391,-700.4014192395523,f_rp_p,1521.844712823917,1448.8683380395585,1477.1469569024378,1453.3742670505333,1461.8850354858816,1868.4361767285345,9.80863894232587,225.4131322445615,12.46932990427618,344.29842997413493,12.284897051044334,330.56712405746003,18.09618519183035,18.4813992815383,15.00597544640759,109.0,23.5,16.5,0.7036363636363636,-707.4425177429408,1538.5582549251465,1463.9954372106931,1492.888808657548,1468.7947809767206
109,1590.107507890697,2181.317378307475,7.382274783228827,137.74977015752316,10.71628184077102,258.6697788128891,9.91592568425224,182.29276038161777,13.501583624953696,16.083214194087233,11.736684802682705,137,28,25,0.8928571428571429,-767.0537539453485,f_rp_p,1681.4628331800338,1592.6220290947276,1627.0481737973635,1600.0706980747461,1461.8850354858816,1868.4361767285345,9.80863894232587,225.4131322445615,12.46932990427618,344.29842997413493,12.284897051044334,330.56712405746003,18.09618519183035,18.4813992815383,15.00597544640759,109.0,23.5,16.5,0.7036363636363636,-707.4425177429408,1538.5582549251465,1463.9954372106931,1492.888808657548,1468.7947809767206
112,1474.0033543264708,1802.410757139054,23.52993637780898,11000.061860950105,14.067966243289913,446.80678559562443,49.167022129134715,33041.77053637624,181.7739545049737,21.137804654117335,104.88117972710883,140,21,13,0.6190476190476191,-716.0016771632354,f_rp_c_p,1542.5198482934734,1475.8892452294938,1501.7088537564705,1479.438648444118,1461.8850354858816,1868.4361767285345,9.80863894232587,225.4131322445615,12.46932990427618,344.29842997413493,12.284897051044334,330.56712405746003,18.09618519183035,18.4813992815383,15.00597544640759,109.0,23.5,16.5,0.7036363636363636,-707.4425177429408,1538.5582549251465,1463.9954372106931,1492.888808657548,1468.7947809767206
113,1466.9196727427252,2034.8720477874754,8.376463057903662,185.33470895496384,11.135714207518264,335.59757856715913,11.230730066017472,259.51686680298894,16.109527206066257,18.319322546621617,13.613769094375144,141,27,24,0.8888888888888888,-706.4598363713626,f_rp_p,1555.012307843157,1469.3443896180406,1502.5410291527248,1476.1391849378472,1461.8850354858816,1868.4361767285345,9.80863894232587,225.4131322445615,12.46932990427618,344.29842997413493,12.284897051044334,330.56712405746003,18.09618519183035,18.4813992815383,15.00597544640759,109.0,23.5,16.5,0.7036363636363636,-707.4425177429408,1538.5582549251465,1463.9954372106931,1492.888808657548,1468.7947809767206
114,1415.5011029948917,1989.9684687836973,8.244894690625785,143.84097954529523,11.215772074252158,309.9844218228175,10.806664325120337,189.06677117164665,13.750155314455421,17.60637446559676,11.99337231746331,142,29,24,0.8275862068965517,-678.7505514974458,f_rp_p,1510.1191184731333,1418.1054285276377,1453.7610783982248,1426.2418437356323,1461.8850354858816,1868.4361767285345,9.80863894232587,225.4131322445615,12.46932990427618,344.29842997413493,12.284897051044334,330.56712405746003,18.09618519183035,18.4813992815383,15.00597544640759,109.0,23.5,16.5,0.7036363636363636,-707.4425177429408,1538.5582549251465,1463.9954372106931,1492.888808657548,1468.7947809767206
117,1617.6596610568297,2232.1270268456356,7.305389441838037,136.13717197497633,12.224253763271507,409.3299024599995,10.595449657798284,231.57634490455092,15.217632697123127,20.231903085473682,11.667783507375184,145,29,26,0.896551724137931,-779.8298305284148,f_rp_p,1712.2776765350714,1620.2639865895758,1655.9196364601628,1628.4004017975703,1461.8850354858816,1868.4361767285345,9.80863894232587,225.4131322445615,12.46932990427618,344.29842997413493,12.284897051044334,330.56712405746003,18.09618519183035,18.4813992815383,15.00597544640759,109.0,23.5,16.5,0.7036363636363636,-707.4425177429408,1538.5582549251465,1463.9954372106931,1492.888808657548,1468.7947809767206
118,1572.1557257380593,2050.335614666726,7.937839815650904,155.1284453888134,27.813473747230546,1301.8490063451468,24.652604111638144,892.8185368158092,29.88006922374527,36.081144748263554,12.45505702069699,146,24,20,0.8333333333333334,-762.0778628690297,f_rp_p,1650.4602902717766,1574.3110296272284,1603.8191536580591,1579.3413544805744,1461.8850354858816,1868.4361767285345,9.80863894232587,225.4131322445615,12.46932990427618,344.29842997413493,12.284897051044334,330.56712405746003,18.09618519183035,18.4813992815383,15.00597544640759,109.0,23.5,16.5,0.7036363636363636,-707.4425177429408,1538.5582549251465,1463.9954372106931,1492.888808657548,1468.7947809767206
126,1459.5503614167133,1897.73025034538,9.595020613435045,195.50940240832028,11.620933610100913,288.2576503381706,11.935824058199412,284.27642934783955,16.860499083592973,16.978152147338374,13.98246767950208,155,24,18,0.75,-705.7751807083566,f_rp_p,1537.8549259504305,1461.7056653058823,1491.213789336713,1466.7359901592283,1461.8850354858816,1868.4361767285345,9.80863894232587,225.4131322445615,12.46932990427618,344.29842997413493,12.284897051044334,330.56712405746003,18.09618519183035,18.4813992815383,15.00597544640759,109.0,23.5,16.5,0.7036363636363636,-707.4425177429408,1538.5582549251465,1463.9954372106931,1492.888808657548,1468.7947809767206
127,1363.3077940191554,1814.9726922037667,7.910354108764094,141.3077282428543,14.390432656072225,554.1539559420291,10.579649016812962,249.90363895497822,15.808340803353722,23.540474845296327,11.88729272134132,156,22,19,0.8636363636363636,-659.6538970095777,f_rp_p,1435.0869781750628,1365.2834892508938,1392.332602945822,1369.2959596996288,1461.8850354858816,1868.4361767285345,9.80863894232587,225.4131322445615,12.46932990427618,344.29842997413493,12.284897051044334,330.56712405746003,18.09618519183035,18.4813992815383,15.00597544640759,109.0,23.5,16.5,0.7036363636363636,-707.4425177429408,1538.5582549251465,1463.9954372106931,1492.888808657548,1468.7947809767206
129,1423.266242535386,1994.476112952164,8.830354904085857,165.3551779700581,11.312331030215569,297.4421003550238,11.25812356315691,203.40678657219212,14.26207511451935,17.24650980213167,12.859050430341195,158,28,24,0.8571428571428571,-683.633121267693,f_rp_p,1514.621567824723,1425.7807637394167,1460.2069084420525,1433.2294327194352,1461.8850354858816,1868.4361767285345,9.80863894232587,225.4131322445615,12.46932990427618,344.29842997413493,12.284897051044334,330.56712405746003,18.09618519183035,18.4813992815383,15.00597544640759,109.0,23.5,16.5,0.7036363636363636,-707.4425177429408,1538.5582549251465,1463.9954372106931,1492.888808657548,1468.7947809767206
135,1459.6326135162092,2004.3274931889314,7.259279331567245,113.20151871767801,13.677060881625927,491.1096892664556,11.092484684390307,319.4790259801276,17.87397622187429,22.160994771590367,10.639620233715018,164,26,23,0.8846153846153846,-703.8163067581046,f_rp_p,1544.4625584277362,1461.9675260628092,1493.9346604295422,1468.1417044253,1461.8850354858816,1868.4361767285345,9.80863894232587,225.4131322445615,12.46932990427618,344.29842997413493,12.284897051044334,330.56712405746003,18.09618519183035,18.4813992815383,15.00597544640759,109.0,23.5,16.5,0.7036363636363636,-707.4425177429408,1538.5582549251465,1463.9954372106931,1492.888808657548,1468.7947809767206
136,1407.0198137769257,2001.4871795657314,8.657253721477723,169.91042938081935,12.990190718740761,410.3935796403288,11.82837387278615,275.94446016033396,16.611576088990894,20.258173156539286,13.034969481391943,165,29,25,0.8620689655172413,-674.5099068884629,f_rp_p,1501.6378292551674,1409.6241393096718,1445.2797891802588,1417.7605545176664,1461.8850354858816,1868.4361767285345,9.80863894232587,225.4131322445615,12.46932990427618,344.29842997413493,12.284897051044334,330.56712405746003,18.09618519183035,18.4813992815383,15.00597544640759,109.0,23.5,16.5,0.7036363636363636,-707.4425177429408,1538.5582549251465,1463.9954372106931,1492.888808657548,1468.7947809767206
137,1418.1749789047035,1946.1273539494537,8.50829841760687,176.8166132228854,12.14790045154057,390.00381400073337,11.04570462804312,245.62468200639063,15.672417873652764,19.74851422261263,13.297240812397337,166,27,22,0.8148148148148148,-682.0874894523517,f_rp_p,1506.2676140051353,1420.599695780019,1453.7963353147031,1427.3944910998255,1461.8850354858816,1868.4361767285345,9.80863894232587,225.4131322445615,12.46932990427618,344.29842997413493,12.284897051044334,330.56712405746003,18.09618519183035,18.4813992815383,15.00597544640759,109.0,23.5,16.5,0.7036363636363636,-707.4425177429408,1538.5582549251465,1463.9954372106931,1492.888808657548,1468.7947809767206
142,1460.9056732454987,1875.8280668021378,10.450189690345773,315.8357122994078,11.964577855234976,285.18175926729714,13.428322582556264,482.7711367662318,21.97205354003653,16.88732540301445,17.77176728126406,172,23,17,0.7391304347826086,-707.4528366227494,f_rp_p,1535.9475475903112,1462.9711728059526,1491.249791668832,1467.4771018169274,1461.8850354858816,1868.4361767285345,9.80863894232587,225.4131322445615,12.46932990427618,344.29842997413493,12.284897051044334,330.56712405746003,18.09618519183035,18.4813992815383,15.00597544640759,109.0,23.5,16.5,0.7036363636363636,-707.4425177429408,1538.5582549251465,1463.9954372106931,1492.888808657548,1468.7947809767206
150,1412.0439708428494,1876.7388505155718,9.746671997010084,198.5139481420779,12.07735144964044,309.25257812555077,11.81192005004435,254.38175184420072,15.949349574330633,17.5855786974882,14.08949779594993,180,26,19,0.7307692307692307,-680.0219854214247,f_rp_p,1496.8739157543764,1414.3788833894494,1446.3460177561824,1420.5530617519403,1461.8850354858816,1868.4361767285345,9.80863894232587,225.4131322445615,12.46932990427618,344.29842997413493,12.284897051044334,330.56712405746003,18.09618519183035,18.4813992815383,15.00597544640759,109.0,23.5,16.5,0.7036363636363636,-707.4425177429408,1538.5582549251465,1463.9954372106931,1492.888808657548,1468.7947809767206
152,1478.902821206077,2023.5977008787995,8.179360482874253,167.7178767080595,11.349440190898516,338.87497148704693,10.872330923897547,225.80891484788913,15.026939636795282,18.408557018056765,12.950593681683458,182,26,23,0.8846153846153846,-713.4514106030385,f_rp_p,1563.7327661176041,1481.237733752677,1513.20486811941,1487.411912115168,1461.8850354858816,1868.4361767285345,9.80863894232587,225.4131322445615,12.46932990427618,344.29842997413493,12.284897051044334,330.56712405746003,18.09618519183035,18.4813992815383,15.00597544640759,109.0,23.5,16.5,0.7036363636363636,-707.4425177429408,1538.5582549251465,1463.9954372106931,1492.888808657548,1468.7947809767206
154,1380.2796912470758,1931.4895616638537,7.339914783783972,123.90762404023599,13.671504269539163,498.09708526836687,9.805159544142153,238.47946621495365,15.442780391333475,22.318088745866365,11.131380149839282,184,28,23,0.8214285714285714,-662.1398456235379,f_rp_p,1471.6350165364126,1382.7942124511064,1417.2203571537423,1390.242881431125,1461.8850354858816,1868.4361767285345,9.80863894232587,225.4131322445615,12.46932990427618,344.29842997413493,12.284897051044334,330.56712405746003,18.09618519183035,18.4813992815383,15.00597544640759,109.0,23.5,16.5,0.7036363636363636,-707.4425177429408,1538.5582549251465,1463.9954372106931,1492.888808657548,1468.7947809767206
155,1448.5939100566436,2063.061275845449,8.108974510209018,158.8755182905841,10.729861279713383,317.0205291141789,10.845382107725433,223.86223180627152,14.962026326880713,17.8050703203941,12.604583225580452,185,29,26,0.896551724137931,-695.2969550283218,f_rp_p,1543.2119255348853,1451.1982355893897,1486.8538854599767,1459.3346507973843,1461.8850354858816,1868.4361767285345,9.80863894232587,225.4131322445615,12.46932990427618,344.29842997413493,12.284897051044334,330.56712405746003,18.09618519183035,18.4813992815383,15.00597544640759,109.0,23.5,16.5,0.7036363636363636,-707.4425177429408,1538.5582549251465,1463.9954372106931,1492.888808657548,1468.7947809767206
157,1414.5688628270295,1989.0362286158352,7.195749419069635,109.43477356208155,14.03206871649149,491.2020666499868,10.53040201579204,240.68948625420143,15.514170498425026,22.163078907272492,10.461107664204663,187,29,24,0.8275862068965517,-678.2844314135148,f_rp_p,1509.1868783052712,1417.1731883597756,1452.8288382303626,1425.3096035677702,1461.8850354858816,1868.4361767285345,9.80863894232587,225.4131322445615,12.46932990427618,344.29842997413493,12.284897051044334,330.56712405746003,18.09618519183035,18.4813992815383,15.00597544640759,109.0,23.5,16.5,0.7036363636363636,-707.4425177429408,1538.5582549251465,1463.9954372106931,1492.888808657548,1468.7947809767206
163,1546.3832857686198,2114.33566081337,7.433272394707859,139.95023027722755,10.940837283060656,271.9515417896981,9.930134860565861,181.49058896192247,13.471844304397319,16.49095333174217,11.830056224601282,194,27,24,0.8888888888888888,-746.1916428843099,f_rp_p,1634.4759208690516,1548.8080026439352,1582.0046421786194,1555.6027979637418,1461.8850354858816,1868.4361767285345,9.80863894232587,225.4131322445615,12.46932990427618,344.29842997413493,12.284897051044334,330.56712405746003,18.09618519183035,18.4813992815383,15.00597544640759,109.0,23.5,16.5,0.7036363636363636,-707.4425177429408,1538.5582549251465,1463.9954372106931,1492.888808657548,1468.7947809767206
169,1448.291487463866,1883.213881020505,8.336569823447446,148.37800858768523,11.773374519381493,310.5442222009307,10.37722479546842,168.0535513172483,12.963547019132083,17.62226495660903,12.181051210289088,200,23,18,0.782608695652174,-701.145743731933,f_rp_c_p,1523.3333618086783,1450.3569870243198,1478.635605887199,1454.8629160352946,1461.8850354858816,1868.4361767285345,9.80863894232587,225.4131322445615,12.46932990427618,344.29842997413493,12.284897051044334,330.56712405746003,18.09618519183035,18.4813992815383,15.00597544640759,109.0,23.5,16.5,0.7036363636363636,-707.4425177429408,1538.5582549251465,1463.9954372106931,1492.888808657548,1468.7947809767206
171,1520.202805268606,2001.6401895693004,8.54921572681573,159.41764655271263,10.918051638599279,273.77483115973644,10.696755850696473,213.81076599773593,14.62226952281129,16.546142485780074,12.626070115151137,202,25,20,0.8,-735.101402634303,f_rp_p,1601.7700599912282,1522.4479134864905,1553.1855426852724,1528.0341305698107,1461.8850354858816,1868.4361767285345,9.80863894232587,225.4131322445615,12.46932990427618,344.29842997413493,12.284897051044334,330.56712405746003,18.09618519183035,18.4813992815383,15.00597544640759,109.0,23.5,16.5,0.7036363636363636,-707.4425177429408,1538.5582549251465,1463.9954372106931,1492.888808657548,1468.7947809767206
173,1385.2270561596247,1906.6644404603192,7.417444033280539,119.86271288659611,13.799842752106539,507.92621509975925,10.53408113851145,259.39112571674895,16.105624039966564,22.537218441940862,10.948183086092236,204,25,22,0.88,-667.6135280798123,f_rp_p,1466.794310882247,1387.4721643775092,1418.209793576291,1393.0583814608294,1461.8850354858816,1868.4361767285345,9.80863894232587,225.4131322445615,12.46932990427618,344.29842997413493,12.284897051044334,330.56712405746003,18.09618519183035,18.4813992815383,15.00597544640759,109.0,23.5,16.5,0.7036363636363636,-707.4425177429408,1538.5582549251465,1463.9954372106931,1492.888808657548,1468.7947809767206
178,1478.664732642877,1956.8446215715437,8.5503880896624,180.85749396130313,27.522557112863783,1270.1304710354489,23.88344970056135,852.649128449186,29.20015630864304,35.638889868168576,13.44832680898643,209,24,20,0.8333333333333334,-715.3323663214385,f_rp_p,1556.9692971765942,1480.820036532046,1510.3281605628767,1485.850361385392,1461.8850354858816,1868.4361767285345,9.80863894232587,225.4131322445615,12.46932990427618,344.29842997413493,12.284897051044334,330.56712405746003,18.09618519183035,18.4813992815383,15.00597544640759,109.0,23.5,16.5,0.7036363636363636,-707.4425177429408,1538.5582549251465,1463.9954372106931,1492.888808657548,1468.7947809767206
179,2123.024746934364,2704.4621312350587,7.758645872402482,148.19661876941578,17.266704049379626,691.6179499906845,18.17731344559,555.1695378711136,23.56203594494995,26.298630192287288,12.173603360115516,210,25,25,1.0,-1036.512373467182,f_p,2204.592001656986,2125.2698551522485,2156.0074843510306,2130.8560722355687,1461.8850354858816,1868.4361767285345,9.80863894232587,225.4131322445615,12.46932990427618,344.29842997413493,12.284897051044334,330.56712405746003,18.09618519183035,18.4813992815383,15.00597544640759,109.0,23.5,16.5,0.7036363636363636,-707.4425177429408,1538.5582549251465,1463.9954372106931,1492.888808657548,1468.7947809767206
180,1374.6426484352673,1845.8525188520453,8.296009544353737,156.38466517229045,13.684876407887154,434.3413440595052,10.560471392098929,236.67332058591623,15.384190605485758,20.840857565357172,12.505385446770141,212,28,19,0.6785714285714286,-659.3213242176337,f_rp_p,1465.9979737246042,1377.157169639298,1411.5833143419338,1384.6058386193165,1461.8850354858816,1868.4361767285345,9.80863894232587,225.4131322445615,12.46932990427618,344.29842997413493,12.284897051044334,330.56712405746003,18.09618519183035,18.4813992815383,15.00597544640759,109.0,23.5,16.5,0.7036363636363636,-707.4425177429408,1538.5582549251465,1463.9954372106931,1492.888808657548,1468.7947809767206
183,1471.0731461093114,1772.9655581778393,24.353326007373823,11685.556231243905,14.044497315423431,425.84785299333646,51.912433623188086,36507.052554354756,191.06818823225063,20.63608133811593,108.09975130056453,215,19,12,0.631578947368421,-716.5365730546557,f_rp_p,1533.0642596985042,1472.7794283549038,1496.140026545978,1475.4917507604741,1461.8850354858816,1868.4361767285345,9.80863894232587,225.4131322445615,12.46932990427618,344.29842997413493,12.284897051044334,330.56712405746003,18.09618519183035,18.4813992815383,15.00597544640759,109.0,23.5,16.5,0.7036363636363636,-707.4425177429408,1538.5582549251465,1463.9954372106931,1492.888808657548,1468.7947809767206
195,1397.2286691440568,1968.4385395608347,7.2653087242331615,111.70176708105306,13.624198027196014,476.84955881369024,10.191061570919121,232.37974707188047,15.2440069231118,21.836885281873197,10.568905670931738,227,28,24,0.8571428571428571,-670.6143345720284,f_rp_p,1488.5839944333936,1399.7431903480874,1434.1693350507232,1407.191859328106,1461.8850354858816,1868.4361767285345,9.80863894232587,225.4131322445615,12.46932990427618,344.29842997413493,12.284897051044334,330.56712405746003,18.09618519183035,18.4813992815383,15.00597544640759,109.0,23.5,16.5,0.7036363636363636,-707.4425177429408,1538.5582549251465,1463.9954372106931,1492.888808657548,1468.7947809767206
202,1435.75760541329,1780.9075128538457,11.201618143337896,334.4398625406239,12.970790797066051,339.56255780699456,37.676087084294785,24189.607022074248,155.53008397758373,18.427223279892026,18.287697026706887,235,20,14,0.7,-697.878802706645,f_rp_p,1501.0114091913879,1437.5536919875976,1462.1437953466232,1440.6698861150444,1453.435505331608,1836.729151202233,10.409738209310706,272.6701633314824,12.425169523143786,311.3589378653421,25.1889021126519,12291.924046901631,87.69279439969804,17.627221417022817,16.405054751340714,161.0,22.5,15.5,0.69,-704.217752665804,1526.846034581968,1455.456102727704,1483.1199690066078,1459.8073083330876
203,1481.0719910680914,2095.539356856897,7.389954213588296,129.7578461883306,10.832375760325714,275.06758700461785,9.84563992408894,170.60155454699913,13.06145300290129,16.58516165144669,11.391130154130037,236,29,26,0.896551724137931,-711.5359955340457,f_rp_p,1575.690006546333,1483.6763166008375,1519.3319664714245,1491.812731808832,1453.435505331608,1836.729151202233,10.409738209310706,272.6701633314824,12.425169523143786,311.3589378653421,25.1889021126519,12291.924046901631,87.69279439969804,17.627221417022817,16.405054751340714,161.0,22.5,15.5,0.69,-704.217752665804,1526.846034581968,1455.456102727704,1483.1199690066078,1459.8073083330876
213,1386.881702384368,1914.8340774291182,7.209483960670859,113.57237481427411,13.698636878505116,496.94206297555206,10.378267943940923,252.33423176675248,15.885031689195728,22.29219735637454,10.657034053350591,246,27,22,0.8148148148148148,-666.440851192184,f_rp_p,1474.9743374848,1389.3064192596835,1422.5030587943677,1396.10121457949,1453.435505331608,1836.729151202233,10.409738209310706,272.6701633314824,12.425169523143786,311.3589378653421,25.1889021126519,12291.924046901631,87.69279439969804,17.627221417022817,16.405054751340714,161.0,22.5,15.5,0.69,-704.217752665804,1526.846034581968,1455.456102727704,1483.1199690066078,1459.8073083330876
214,1490.2172228055078,2021.4270932222857,8.504057104994445,173.88903791586606,11.732712961675444,388.3271456850607,12.377143244814222,292.8084909305183,17.111647814588704,19.706018006818645,13.186699280557892,247,28,22,0.7857142857142857,-717.1086114027539,f_rp_p,1581.5725480948447,1492.7317440095385,1527.1578887121743,1500.180412989557,1453.435505331608,1836.729151202233,10.409738209310706,272.6701633314824,12.425169523143786,311.3589378653421,25.1889021126519,12291.924046901631,87.69279439969804,17.627221417022817,16.405054751340714,161.0,22.5,15.5,0.69,-704.217752665804,1526.846034581968,1455.456102727704,1483.1199690066078,1459.8073083330876
216,1590.8127849703685,2092.250169271063,7.4474869235082375,130.21598190818733,15.373910054945148,754.8556528913336,33.59241282972627,24042.60390242348,155.05677638343795,27.474636537929552,11.411221753527855,249,25,21,0.84,-770.4063924851843,f_rp_c_p,1672.3800396929907,1593.057893188253,1623.795522387035,1598.6441102715733,1453.435505331608,1836.729151202233,10.409738209310706,272.6701633314824,12.425169523143786,311.3589378653421,25.1889021126519,12291.924046901631,87.69279439969804,17.627221417022817,16.405054751340714,161.0,22.5,15.5,0.69,-704.217752665804,1526.846034581968,1455.456102727704,1483.1199690066078,1459.8073083330876
219,2082.8377752486476,2667.5326549213696,7.76112778300372,148.20346694433835,17.295960252584894,694.334942271106,18.200218721087715,556.4185953885901,23.58852677444249,26.350236095168217,12.173884628348436,252,26,25,0.9615384615384616,-1015.4188876243237,f_rp_p,2167.667720160174,2085.1726877952474,2117.1398221619806,2091.3468661577385,1453.435505331608,1836.729151202233,10.409738209310706,272.6701633314824,12.425169523143786,311.3589378653421,25.1889021126519,12291.924046901631,87.69279439969804,17.627221417022817,16.405054751340714,161.0,22.5,15.5,0.69,-704.217752665804,1526.846034581968,1455.456102727704,1483.1199690066078,1459.8073083330876
220,1458.5650156914908,1873.4874092481298,9.935183207569755,226.3699924731038,11.80796979312715,276.902779894814,13.540539688590034,553.4978880238657,23.526535827100975,16.640396025780575,15.045597112547703,254,23,17,0.7391304347826086,-706.2825078457454,f_rp_p,1533.6068900363032,1460.6305152519446,1488.909134114824,1465.1364442629194,1447.1613105523904,1827.1974610509878,10.568400675453827,280.4049275068638,12.3893802950966,308.23266885090425,25.60831338644241,12371.552455049057,89.52830990234236,17.5338096528363,16.666647069627295,244.5,21.5,15.5,0.7195652173913043,-702.0806552761952,1517.3091496138454,1449.092103619771,1475.5264647307235,1452.9031651889818
226,1477.3314381956488,1955.5113271243156,7.333946886339619,115.39860826654525,13.211651053974562,478.93574017367496,9.696875139147945,219.566982760366,14.817792776266174,21.8846005257961,10.742374424052871,260,24,20,0.8333333333333334,-714.6657190978244,f_rp_p,1555.636002729366,1479.486742084818,1508.9948661156486,1484.517066938164,1447.1613105523904,1827.1974610509878,10.568400675453827,280.4049275068638,12.3893802950966,308.23266885090425,25.60831338644241,12371.552455049057,89.52830990234236,17.5338096528363,16.666647069627295,244.5,21.5,15.5,0.7195652173913043,-702.0806552761952,1517.3091496138454,1449.092103619771,1475.5264647307235,1452.9031651889818
238,1524.6826852557142,2072.6350603004644,14.994562800856137,5425.486623804827,14.703809182434645,720.3344035473103,33.00370737830599,24026.610733161477,155.00519582633828,26.83904624883884,73.6579026568421,272,27,23,0.8518518518518519,-735.3413426278571,f_c_p,1612.775320356146,1527.1074021310296,1560.3040416657138,1533.9021974508362,1447.1613105523904,1827.1974610509878,10.568400675453827,280.4049275068638,12.3893802950966,308.23266885090425,25.60831338644241,12371.552455049057,89.52830990234236,17.5338096528363,16.666647069627295,244.5,21.5,15.5,0.7195652173913043,-702.0806552761952,1517.3091496138454,1449.092103619771,1475.5264647307235,1452.9031651889818
245,1368.9846201694331,1830.4220044701276,7.544876281562097,117.5377932136983,13.326859415581833,429.51417707838783,9.972132788357063,212.99534870460909,14.59436016770208,20.724723811872327,10.841484825138036,280,25,19,0.76,-659.4923100847166,f_rp_p,1450.5518748920554,1371.2297283873177,1401.9673575860995,1376.8159454706379,1447.1613105523904,1827.1974610509878,10.568400675453827,280.4049275068638,12.3893802950966,308.23266885090425,25.60831338644241,12371.552455049057,89.52830990234236,17.5338096528363,16.666647069627295,244.5,21.5,15.5,0.7195652173913043,-702.0806552761952,1517.3091496138454,1449.092103619771,1475.5264647307235,1452.9031651889818
254,1408.7288985204063,2046.4537596812397,7.762019391824001,140.30861663819005,12.085143754227591,383.4782618139829,11.159066675902167,245.72536986049977,15.675629807459085,19.582600997160284,11.84519382020362,289,30,27,0.9,-674.3644492602032,f_rp_p,1506.609604187553,1411.4230283818679,1448.308183420406,1420.2816935514622,1447.1613105523904,1827.1974610509878,10.568400675453827,280.4049275068638,12.3893802950966,308.23266885090425,25.60831338644241,12371.552455049057,89.52830990234236,17.5338096528363,16.666647069627295,244.5,21.5,15.5,0.7195652173913043,-702.0806552761952,1517.3091496138454,1449.092103619771,1475.5264647307235,1452.9031651889818
258,1654.9356406337918,2133.1155295624585,7.476828822876449,133.48623097241264,14.343654494434029,671.47593963803,32.97768399908838,24021.43538951062,154.98850082993454,25.912852788491467,11.553624148829346,293,24,20,0.8333333333333334,-803.4678203168959,f_rp_c_p,1733.240205167509,1657.0909445229609,1686.5990685537915,1662.1212693763068,1447.1613105523904,1827.1974610509878,10.568400675453827,280.4049275068638,12.3893802950966,308.23266885090425,25.60831338644241,12371.552455049057,89.52830990234236,17.5338096528363,16.666647069627295,244.5,21.5,15.5,0.7195652173913043,-702.0806552761952,1517.3091496138454,1449.092103619771,1475.5264647307235,1452.9031651889818
259,1566.8896663305736,2184.614527491407,7.056075111452984,115.84860373739444,13.24673577221071,446.2337183876405,9.65810275313422,202.83693080439747,14.242083092174314,21.1242448004098,10.763298924465232,294,30,26,0.8666666666666667,-753.4448331652868,f_rp_p,1664.7703719977203,1569.5837961920352,1606.4689512305733,1578.4424613616295,1447.1613105523904,1827.1974610509878,10.568400675453827,280.4049275068638,12.3893802950966,308.23266885090425,25.60831338644241,12371.552455049057,89.52830990234236,17.5338096528363,16.666647069627295,244.5,21.5,15.5,0.7195652173913043,-702.0806552761952,1517.3091496138454,1449.092103619771,1475.5264647307235,1452.9031651889818
266,1474.9732741802259,2089.4406399690315,7.402250907680034,129.924866543877,10.835846912666192,274.24172141996627,9.862710193528377,170.98060175193007,13.075955099033113,16.560245210140042,11.398458954783186,302,29,26,0.896551724137931,-708.4866370901129,f_rp_p,1569.5912896584675,1477.577599712972,1513.233249583559,1485.7140149209665,1447.1613105523904,1827.1974610509878,10.568400675453827,280.4049275068638,12.3893802950966,308.23266885090425,25.60831338644241,12371.552455049057,89.52830990234236,17.5338096528363,16.666647069627295,244.5,21.5,15.5,0.7195652173913043,-702.0806552761952,1517.3091496138454,1449.092103619771,1475.5264647307235,1452.9031651889818
272,1384.846584274766,1912.7989593195161,7.1229183089766765,112.61219450843066,13.814368583530744,485.08760375899084,10.219033231307083,233.32628338480532,15.275021551042254,22.024704396631318,10.611889299669059,308,27,22,0.8148148148148148,-665.423292137383,f_rp_p,1472.9392193751978,1387.2713011500814,1420.4679406847656,1394.066096469888,1447.1613105523904,1827.1974610509878,10.568400675453827,280.4049275068638,12.3893802950966,308.23266885090425,25.60831338644241,12371.552455049057,89.52830990234236,17.5338096528363,16.666647069627295,244.5,21.5,15.5,0.7195652173913043,-702.0806552761952,1517.3091496138454,1449.092103619771,1475.5264647307235,1452.9031651889818
278,1557.6224630418196,2128.8323334585975,6.989613188526679,111.72625964125842,13.422966368629245,444.5185349733299,9.68916693346161,205.32533860024927,14.32917787593724,21.083608205744337,10.570064315852502,314,28,24,0.8571428571428571,-750.8112315209098,f_rp_p,1648.9777883311565,1560.1369842458503,1594.563128948486,1567.5856532258688,1447.1613105523904,1827.1974610509878,10.568400675453827,280.4049275068638,12.3893802950966,308.23266885090425,25.60831338644241,12371.552455049057,89.52830990234236,17.5338096528363,16.666647069627295,244.5,21.5,15.5,0.7195652173913043,-702.0806552761952,1517.3091496138454,1449.092103619771,1475.5264647307235,1452.9031651889818
299,1399.143847673669,1953.6112134624746,7.708204000361705,137.77220454942744,16.922032457835005,567.7690520827412,25.948843595990162,7662.6133594840385,87.53635450190988,23.82790490334266,11.73764050179709,336,29,23,0.7931034482758621,-670.5719238368345,f_rp_c_p,1493.7618631519106,1401.748173206415,1437.403823077002,1409.8845884144096,1447.1613105523904,1827.1974610509878,10.568400675453827,280.4049275068638,12.3893802950966,308.23266885090425,25.60831338644241,12371.552455049057,89.52830990234236,17.5338096528363,16.666647069627295,244.5,21.5,15.5,0.7195652173913043,-702.0806552761952,1517.3091496138454,1449.092103619771,1475.5264647307235,1452.9031651889818
301,1433.107406172266,1778.2573136128217,11.248555167896038,240.7842144444945,13.196877928587805,317.99575605272213,37.533325002491715,24111.10602558916,155.2775129424385,17.832435505357143,15.517223155078183,339,20,14,0.7,-696.553703086133,f_rp_p,1498.361209950364,1434.9034927465736,1459.4935961055992,1438.0196868740204,1445.8362109318784,1825.8723614304758,10.591869187732897,233.57710345879914,12.502423860857476,297.4492679737681,25.536932345540876,12332.301956806514,89.40202438476975,17.236415765568857,15.281410133812944,296.5,21.5,15.5,0.7195652173913043,-701.4181054659392,1515.9840499933334,1447.767003999259,1474.2013651102116,1451.5780655684698
303,1399.532593985839,1860.9699782865334,8.540618290010668,156.00894452726,11.59385703307594,295.461103403567,11.10282901558862,230.1070709038906,15.169280500534315,17.18898203511677,12.49035405932354,341,25,19,0.76,-674.7662969929195,f_rp_p,1481.0998487084612,1401.7777022037235,1432.5153314025054,1407.3639192870437,1445.8362109318784,1825.8723614304758,10.591869187732897,233.57710345879914,12.502423860857476,297.4492679737681,25.536932345540876,12332.301956806514,89.40202438476975,17.236415765568857,15.281410133812944,296.5,21.5,15.5,0.7195652173913043,-701.4181054659392,1515.9840499933334,1447.767003999259,1474.2013651102116,1451.5780655684698
308,1401.7681122672625,1859.9480011959292,9.775958751725527,194.21534047265118,11.844722908061717,296.2522285057807,11.23425058889637,191.12389229229476,13.824756500289427,17.21197921523788,13.936116405679567,346,24,19,0.7916666666666666,-676.8840561336312,f_rp_c_p,1480.0726768009797,1403.9234161564316,1433.4315401872623,1408.9537410097776,1445.8362109318784,1825.8723614304758,10.591869187732897,233.57710345879914,12.502423860857476,297.4492679737681,25.536932345540876,12332.301956806514,89.40202438476975,17.236415765568857,15.281410133812944,296.5,21.5,15.5,0.7195652173913043,-701.4181054659392,1515.9840499933334,1447.767003999259,1474.2013651102116,1451.5780655684698
314,1482.82341549302,2010.7757905377703,7.458804213682201,123.15162208759877,14.62846228486048,482.5352918910637,10.66841059215753,248.2676856139455,15.75651248258781,21.966685956034965,11.097370052746676,352,27,22,0.8148148148148148,-714.41170774651,f_rp_p,1570.916050593452,1485.2481323683355,1518.4447719030197,1492.042927688142,1445.8362109318784,1825.8723614304758,10.591869187732897,233.57710345879914,12.502423860857476,297.4492679737681,25.536932345540876,12332.301956806514,89.40202438476975,17.236415765568857,15.281410133812944,296.5,21.5,15.5,0.7195652173913043,-701.4181054659392,1515.9840499933334,1447.767003999259,1474.2013651102116,1451.5780655684698
319,1455.9984744501987,2047.2083448669766,7.1877914481756635,113.92819158031439,13.593678531653001,435.31979930413314,9.940000906746556,212.57200729151722,14.57984935764143,20.864318807575128,10.673714984967248,357,28,25,0.8928571428571429,-699.9992372250994,f_rp_p,1547.3537997395356,1458.5129956542294,1492.9391403568652,1465.9616646342479,1445.8362109318784,1825.8723614304758,10.591869187732897,233.57710345879914,12.502423860857476,297.4492679737681,25.536932345540876,12332.301956806514,89.40202438476975,17.236415765568857,15.281410133812944,296.5,21.5,15.5,0.7195652173913043,-701.4181054659392,1515.9840499933334,1447.767003999259,1474.2013651102116,1451.5780655684698
328,1542.299522918053,1977.221916474692,8.568169547532298,165.15405928180698,10.586998210958606,262.312658676268,11.231470627696051,183.41531461465667,13.54309102881084,16.19606923535053,12.851227928949319,367,23,18,0.782608695652174,-748.1497614590265,f_rp_p,1617.3413972628655,1544.365022478507,1572.6436413413862,1548.8709514894817,1445.8362109318784,1825.8723614304758,10.591869187732897,233.57710345879914,12.502423860857476,297.4492679737681,25.536932345540876,12332.301956806514,89.40202438476975,17.236415765568857,15.281410133812944,296.5,21.5,15.5,0.7195652173913043,-701.4181054659392,1515.9840499933334,1447.767003999259,1474.2013651102116,1451.5780655684698
337,1412.3170612543395,1943.5269316711174,7.747727532196442,134.5804834397579,15.060710189250853,489.6906970168423,11.318077652703218,290.64557615978964,17.0483305974453,22.128956076074676,11.600882873288477,376,28,22,0.7857142857142857,-678.1585306271697,f_rp_p,1503.6723865436763,1414.8315824583701,1449.257727161006,1422.2802514383886,1445.8362109318784,1825.8723614304758,10.591869187732897,233.57710345879914,12.502423860857476,297.4492679737681,25.536932345540876,12332.301956806514,89.40202438476975,17.236415765568857,15.281410133812944,296.5,21.5,15.5,0.7195652173913043,-701.4181054659392,1515.9840499933334,1447.767003999259,1474.2013651102116,1451.5780655684698
354,1429.0733020944108,1953.7681817671332,8.347283844363293,143.3026375315519,11.651532728362374,315.8354696958934,10.34116264576483,190.90181670447004,13.816722357508311,17.77176045573126,11.970907966046347,394,26,22,0.8461538461538461,-688.5366510472054,f_rp_p,1513.9032470059378,1431.4082146410108,1463.3753490077438,1437.5823930035017,1445.8362109318784,1825.8723614304758,10.591869187732897,233.57710345879914,12.502423860857476,297.4492679737681,25.536932345540876,12332.301956806514,89.40202438476975,17.236415765568857,15.281410133812944,296.5,21.5,15.5,0.7195652173913043,-701.4181054659392,1515.9840499933334,1447.767003999259,1474.2013651102116,1451.5780655684698
356,1531.9263427803953,2123.136213197173,7.697445895190207,146.838468657038,10.544815961863236,289.52510595044737,10.374146164966518,198.1765110566138,14.077517929543326,17.015437283550703,12.117692381680515,396,28,25,0.8928571428571429,-737.9631713901977,f_rp_p,1623.2816680697322,1534.440863984426,1568.8670086870618,1541.8895329644445,1445.8362109318784,1825.8723614304758,10.591869187732897,233.57710345879914,12.502423860857476,297.4492679737681,25.536932345540876,12332.301956806514,89.40202438476975,17.236415765568857,15.281410133812944,296.5,21.5,15.5,0.7195652173913043,-701.4181054659392,1515.9840499933334,1447.767003999259,1474.2013651102116,1451.5780655684698
363,1439.835811447866,1791.5007096324773,11.713256271763518,263.3906764115061,13.125763779845517,312.0025110495368,38.087765874979496,24167.39633269837,155.45866438606234,17.663592812605728,16.229315340195534,404,22,14,0.6363636363636364,-697.917905723933,f_rp_p,1511.6149956037734,1441.8115066796045,1468.8606203745326,1445.8239771283395,1445.8362109318784,1825.8723614304758,10.591869187732897,233.57710345879914,12.502423860857476,297.4492679737681,25.536932345540876,12332.301956806514,89.40202438476975,17.236415765568857,15.281410133812944,296.5,21.5,15.5,0.7195652173913043,-701.4181054659392,1515.9840499933334,1447.767003999259,1474.2013651102116,1451.5780655684698
375,1382.8016931127322,1864.2390774134267,7.614523916828287,126.75775176968982,13.654770276661733,497.0159636839058,10.137535685349587,228.17210979416936,15.105366920209828,22.29385484127646,11.25867451211242,416,25,20,0.8,-666.4008465563661,f_rp_p,1464.3689478353544,1385.0468013306167,1415.7844305293986,1390.633018413937,1445.8362109318784,1825.8723614304758,10.591869187732897,233.57710345879914,12.502423860857476,297.4492679737681,25.536932345540876,12332.301956806514,89.40202438476975,17.236415765568857,15.281410133812944,296.5,21.5,15.5,0.7195652173913043,-701.4181054659392,1515.9840499933334,1447.767003999259,1474.2013651102116,1451.5780655684698
376,1471.3499605526458,2042.5598309694237,7.873077194845159,153.48380824420084,10.539966957927764,291.2462429359737,10.403933118630015,200.20850648594882,14.149505520898913,17.06593809129676,12.388858230046901,417,28,24,0.8571428571428571,-707.6749802763229,f_rp_p,1562.7052858419827,1473.8644817566765,1508.2906264593123,1481.313150736695,1445.8362109318784,1825.8723614304758,10.591869187732897,233.57710345879914,12.502423860857476,297.4492679737681,25.536932345540876,12332.301956806514,89.40202438476975,17.236415765568857,15.281410133812944,296.5,21.5,15.5,0.7195652173913043,-701.4181054659392,1515.9840499933334,1447.767003999259,1474.2013651102116,1451.5780655684698
377,1515.3235798585044,2036.760964159199,8.182075062403554,164.95306148897907,11.178672485785533,332.38220920631755,11.537514568466813,242.9876924067468,15.58806249688353,18.231352369100804,12.843405369643172,418,25,22,0.88,-732.6617899292522,f_rp_p,1596.8908345811267,1517.568688076389,1548.3063172751708,1523.1549051597092,1445.8362109318784,1825.8723614304758,10.591869187732897,233.57710345879914,12.502423860857476,297.4492679737681,25.536932345540876,12332.301956806514,89.40202438476975,17.236415765568857,15.281410133812944,296.5,21.5,15.5,0.7195652173913043,-701.4181054659392,1515.9840499933334,1447.767003999259,1474.2013651102116,1451.5780655684698
396,1447.7095684678648,1949.1469527685592,7.662014368807082,133.84740666985286,13.835330027995512,461.53053550465734,10.426434959552376,232.03704939066114,15.232762369007833,21.48326175199328,11.569243997334176,438,25,21,0.84,-698.8547842339324,f_rp_p,1529.276823190487,1449.9546766857493,1480.6923058845312,1455.5408937690695,1445.8362109318784,1825.8723614304758,10.591869187732897,233.57710345879914,12.502423860857476,297.4492679737681,25.536932345540876,12332.301956806514,89.40202438476975,17.236415765568857,15.281410133812944,296.5,21.5,15.5,0.7195652173913043,-701.4181054659392,1515.9840499933334,1447.767003999259,1474.2013651102116,1451.5780655684698
399,1380.2859263461824,1971.4957967629603,7.518103910300485,126.31662028771116,14.012822749070299,446.7786891944758,10.399147233731927,229.7317385836373,15.156903990711207,21.13714004293097,11.239066700029463,441,28,25,0.8928571428571429,-662.1429631730912,f_rp_p,1471.6412516355192,1382.800447550213,1417.2265922528488,1390.2491165302315,1445.8362109318784,1825.8723614304758,10.591869187732897,233.57710345879914,12.502423860857476,297.4492679737681,25.536932345540876,12332.301956806514,89.40202438476975,17.236415765568857,15.281410133812944,296.5,21.5,15.5,0.7195652173913043,-701.4181054659392,1515.9840499933334,1447.767003999259,1474.2013651102116,1451.5780655684698
400,1401.9029623648548,1836.8253559214938,8.307294550222531,147.7735417485856,11.26688512140563,296.2371092750703,11.031983876319455,225.72673953246448,15.024205121485279,17.21154000300584,12.156214120711496,443,23,18,0.782608695652174,-677.9514811824274,f_rp_p,1476.9448367096672,1403.9684619253087,1432.247080788188,1408.4743909362835,1445.8362109318784,1825.8723614304758,10.591869187732897,233.57710345879914,12.502423860857476,297.4492679737681,25.536932345540876,12332.301956806514,89.40202438476975,17.236415765568857,15.281410133812944,296.5,21.5,15.5,0.7195652173913043,-701.4181054659392,1515.9840499933334,1447.767003999259,1474.2013651102116,1451.5780655684698
435,1383.6601746069264,1931.6125496516765,7.167828853042774,113.93755227687852,13.86076013859441,475.14211107376497,10.297868146979068,233.31035671210452,15.27450021153244,21.797754725516228,10.674153468864803,479,27,23,0.8518518518518519,-664.8300873034632,f_rp_p,1471.7528097073582,1386.0848914822418,1419.281531016926,1392.8796868020484,1445.8362109318784,1825.8723614304758,10.591869187732897,233.57710345879914,12.502423860857476,297.4492679737681,25.536932345540876,12332.301956806514,89.40202438476975,17.236415765568857,15.281410133812944,296.5,21.5,15.5,0.7195652173913043,-701.4181054659392,1515.9840499933334,1447.767003999259,1474.2013651102116,1451.5780655684698
446,1370.0107201739684,1804.9331137306074,7.452844636279219,114.4055279669672,13.257810556522452,430.56303272926533,9.819452573486442,210.82617380490385,14.519854469136522,20.750012836845798,10.696051980378892,491,23,18,0.782608695652174,-662.0053600869842,f_rp_p,1445.0525945187808,1372.0762197344222,1400.3548385973015,1376.582148745397,1445.8362109318784,1825.8723614304758,10.591869187732897,233.57710345879914,12.502423860857476,297.4492679737681,25.536932345540876,12332.301956806514,89.40202438476975,17.236415765568857,15.281410133812944,296.5,21.5,15.5,0.7195652173913043,-701.4181054659392,1515.9840499933334,1447.767003999259,1474.2013651102116,1451.5780655684698
451,1460.2658265265134,2024.9607061992356,8.100088847387589,160.07086556160758,10.731719934834098,293.26992882687927,10.649222800144864,208.57250335176624,14.44203944572117,17.12512565871793,12.651911537851012,496,26,24,0.9230769230769231,-704.1329132632567,f_rp_p,1545.0957714380404,1462.6007390731133,1494.5678734398464,1468.7749174356043,1445.8362109318784,1825.8723614304758,10.591869187732897,233.57710345879914,12.502423860857476,297.4492679737681,25.536932345540876,12332.301956806514,89.40202438476975,17.236415765568857,15.281410133812944,296.5,21.5,15.5,0.7195652173913043,-701.4181054659392,1515.9840499933334,1447.767003999259,1474.2013651102116,1451.5780655684698
452,1457.2437542397606,2001.938633912483,10.376623004429293,251.6854933036528,11.666473019363812,248.61431947692458,12.656492724891956,257.9297660552064,16.06019196819286,15.7675083471335,15.864598743859007,497,26,23,0.8846153846153846,-702.6218771198803,f_rp_p,1542.0736991512877,1459.5786667863606,1491.5458011530936,1465.7528451488515,1445.8362109318784,1825.8723614304758,10.591869187732897,233.57710345879914,12.502423860857476,297.4492679737681,25.536932345540876,12332.301956806514,89.40202438476975,17.236415765568857,15.281410133812944,296.5,21.5,15.5,0.7195652173913043,-701.4181054659392,1515.9840499933334,1447.767003999259,1474.2013651102116,1451.5780655684698
461,1401.7472619212786,1830.1546647338619,8.277179788723966,147.5093536911089,11.196204182949986,290.52148422344936,10.982083264246581,226.00664807412662,15.033517488403259,17.04469079283779,12.145342880755113,507,21,18,0.8571428571428571,-679.8736309606393,f_rp_p,1470.2637558882811,1403.6331528243015,1429.4527613512782,1407.1825560389257,1445.8362109318784,1825.8723614304758,10.591869187732897,233.57710345879914,12.502423860857476,297.4492679737681,25.536932345540876,12332.301956806514,89.40202438476975,17.236415765568857,15.281410133812944,296.5,21.5,15.5,0.7195652173913043,-701.4181054659392,1515.9840499933334,1447.767003999259,1474.2013651102116,1451.5780655684698
496,1516.6633398165518,2087.8732102333297,7.605004388271556,138.88739529916157,10.433484628070564,275.4558327381372,10.377566406595866,192.7505560938544,13.883463404131348,16.596862135299467,11.78504965195996,543,28,24,0.8571428571428571,-730.3316699082759,f_rp_p,1608.0186651058887,1519.1778610205824,1553.6040057232183,1526.626530000601,1445.8362109318784,1825.8723614304758,10.591869187732897,233.57710345879914,12.502423860857476,297.4492679737681,25.536932345540876,12332.301956806514,89.40202438476975,17.236415765568857,15.281410133812944,296.5,21.5,15.5,0.7195652173913043,-701.4181054659392,1515.9840499933334,1447.767003999259,1474.2013651102116,1451.5780655684698
504,1423.321556085475,1974.531426502253,9.733250057581577,204.90586299002302,11.386618272155246,241.0936984472333,12.855847470172458,278.49231292186096,16.68808895355789,15.527192226775364,14.314533278805252,552,28,23,0.8214285714285714,-683.6607780427375,f_rp_p,1514.676881374812,1425.8360772895057,1460.2622219921416,1433.2847462695242,1445.8362109318784,1825.8723614304758,10.591869187732897,233.57710345879914,12.502423860857476,297.4492679737681,25.536932345540876,12332.301956806514,89.40202438476975,17.236415765568857,15.281410133812944,296.5,21.5,15.5,0.7195652173913043,-701.4181054659392,1515.9840499933334,1447.767003999259,1474.2013651102116,1451.5780655684698
511,1432.7875908274073,1881.1949936399906,7.3493481544998644,122.96243213772387,12.768437930115766,462.7348869870886,10.744908780260731,337.41026875831085,18.36873073345872,21.511273485944262,11.088842687031134,559,21,19,0.9047619047619048,-695.3937954137036,f_rp_p,1501.3040847944098,1434.6734817304302,1460.493090257407,1438.2228849450544,1445.8362109318784,1825.8723614304758,10.591869187732897,233.57710345879914,12.502423860857476,297.4492679737681,25.536932345540876,12332.301956806514,89.40202438476975,17.236415765568857,15.281410133812944,296.5,21.5,15.5,0.7195652173913043,-701.4181054659392,1515.9840499933334,1447.767003999259,1474.2013651102116,1451.5780655684698
519,1422.92801948141,2017.3953852702157,7.982060655773025,149.71145856582726,11.421527622280307,300.2696242793672,11.951390198725933,257.37916416267205,16.04304098862407,17.32828971016376,12.235663388873823,567,29,25,0.8620689655172413,-682.464009740705,f_rp_p,1517.5460349596517,1425.5323450141561,1461.1879948847431,1433.6687602221507,1445.8362109318784,1825.8723614304758,10.591869187732897,233.57710345879914,12.502423860857476,297.4492679737681,25.536932345540876,12332.301956806514,89.40202438476975,17.236415765568857,15.281410133812944,296.5,21.5,15.5,0.7195652173913043,-701.4181054659392,1515.9840499933334,1447.767003999259,1474.2013651102116,1451.5780655684698
521,1426.6586186564296,1835.0660214690129,10.09084553855804,282.8576098569427,10.817704579223745,279.42561605327205,16.765808929824374,1600.8289838869089,40.01036095671856,16.716028716572367,16.818371201068867,570,21,17,0.8095238095238095,-692.3293093282148,f_rp_p,1495.1751126234321,1428.5445095594525,1454.3641180864292,1432.0939127740767,1445.8362109318784,1825.8723614304758,10.591869187732897,233.57710345879914,12.502423860857476,297.4492679737681,25.536932345540876,12332.301956806514,89.40202438476975,17.236415765568857,15.281410133812944,296.5,21.5,15.5,0.7195652173913043,-701.4181054659392,1515.9840499933334,1447.767003999259,1474.2013651102116,1451.5780655684698
523,1429.2792016812139,1973.974081353936,9.034667325952755,201.32720497973423,10.343173760766451,228.53097413588787,14.892314230297389,1050.3030304086017,32.40837901544293,15.117240956467151,14.188981816174628,572,26,23,0.8846153846153846,-688.6396008406069,f_rp_p,1514.109146592741,1431.6141142278138,1463.5812485945469,1437.7882925903048,1445.8362109318784,1825.8723614304758,10.591869187732897,233.57710345879914,12.502423860857476,297.4492679737681,25.536932345540876,12332.301956806514,89.40202438476975,17.236415765568857,15.281410133812944,296.5,21.5,15.5,0.7195652173913043,-701.4181054659392,1515.9840499933334,1447.767003999259,1474.2013651102116,1451.5780655684698
534,1438.963993986315,1970.173864403093,7.753040981786306,136.22516755156119,13.177675327654397,450.0307999179808,10.733871764845777,247.06543558248813,15.71831529084743,21.21392938420369,11.671553776235672,583,28,22,0.7857142857142857,-691.4819969931575,f_rp_c_p,1530.3193192756519,1441.4785151903457,1475.9046598929815,1448.9271841703642,1445.8362109318784,1825.8723614304758,10.591869187732897,233.57710345879914,12.502423860857476,297.4492679737681,25.536932345540876,12332.301956806514,89.40202438476975,17.236415765568857,15.281410133812944,296.5,21.5,15.5,0.7195652173913043,-701.4181054659392,1515.9840499933334,1447.767003999259,1474.2013651102116,1451.5780655684698
541,1445.1386893124695,1850.288596753025,9.247366107005725,196.7720268578863,10.448429171149485,236.7041682762327,14.325739370948854,688.8981763006398,26.246869838147173,15.385193150436322,14.027545289817684,591,20,17,0.85,-702.5693446562348,f_rp_p,1510.3924930905673,1446.934775886777,1471.5248792458026,1450.0509700142238,1439.1230477423678,1814.2729551829234,10.24796063745088,218.7781206511904,11.822653549868644,277.3499621644774,25.929532186720284,12400.002100944901,90.76219139029284,16.60881432789673,14.772384222447933,465.0,20.0,15.5,0.7749999999999999,-699.5615238711839,1504.3768515204656,1440.9191343166754,1465.509237675701,1444.0353284441221
558,1372.2134452478654,1936.9083249205878,7.73768440790143,132.3267705838509,14.241714405957326,454.2551760282192,10.636963392884125,239.6302905126279,15.479996463585769,21.313262913693418,11.503337367210044,608,26,24,0.9230769230769231,-660.1067226239327,f_rp_p,1457.0433901593924,1374.5483577944653,1406.5154921611984,1380.7225361569563,1439.1230477423678,1814.2729551829234,10.24796063745088,218.7781206511904,11.822653549868644,277.3499621644774,25.929532186720284,12400.002100944901,90.76219139029284,16.60881432789673,14.772384222447933,465.0,20.0,15.5,0.7749999999999999,-699.5615238711839,1504.3768515204656,1440.9191343166754,1465.509237675701,1444.0353284441221
575,1413.041224957435,1980.993600002185,8.4166980313541,173.4244531664119,10.815241130362603,287.5815781841741,11.032630235923124,223.34499871862218,14.944731470274807,16.95823039660017,13.169071841493306,626,27,24,0.8888888888888888,-679.5206124787175,f_rp_p,1501.1338600578667,1415.4659418327503,1448.6625813674345,1422.2607371525569,1439.1230477423678,1814.2729551829234,10.24796063745088,218.7781206511904,11.822653549868644,277.3499621644774,25.929532186720284,12400.002100944901,90.76219139029284,16.60881432789673,14.772384222447933,465.0,20.0,15.5,0.7749999999999999,-699.5615238711839,1504.3768515204656,1440.9191343166754,1465.509237675701,1444.0353284441221
579,1560.7803110333366,2105.475190706059,7.959057346623536,162.37107906318326,10.74880911931581,288.9622035860151,10.588287325381469,196.78399152845256,14.027971753908423,16.99888830441612,12.74249108546611,630,26,23,0.8846153846153846,-754.3901555166683,f_rp_p,1645.6102559448636,1563.1152235799366,1595.0823579466696,1569.2894019424275,1439.1230477423678,1814.2729551829234,10.24796063745088,218.7781206511904,11.822653549868644,277.3499621644774,25.929532186720284,12400.002100944901,90.76219139029284,16.60881432789673,14.772384222447933,465.0,20.0,15.5,0.7749999999999999,-699.5615238711839,1504.3768515204656,1440.9191343166754,1465.509237675701,1444.0353284441221
